seed,state_id,scorer,N,real_utility,normalized_real_utility
15001,0,random,1,-0.1206269691754599,0.15438539754660155
15001,0,random,2,-0.27273247474475554,0.10865076245814725
15001,0,random,4,-0.29274085245283765,0.10263470242293565
15001,0,random,8,-0.2873268135920837,0.10426257966988048
15001,0,random,16,-0.2733171555526268,0.10847496235616456
15001,0,random,32,-0.23828027339095537,0.11900974881444434
15001,0,visual_wam,1,-0.12062696917545987,0.15438539754660147
15001,0,visual_wam,2,0.02597785735332432,0.19846610467423062
15001,0,visual_wam,4,0.183724810341026,0.2458969935444649
15001,0,visual_wam,8,0.4397509476476397,0.32287817788095163
15001,0,visual_wam,16,0.8130699696015237,0.4351266410561466
15001,0,visual_wam,32,1.2501413945644786,0.5665439888599365
15001,0,visual_success_head,1,-0.1206269691754599,0.1543853975466015
15001,0,visual_success_head,2,-0.06934205378976681,0.1698055947441209
15001,0,visual_success_head,4,0.07223045429196376,0.21237319919368786
15001,0,visual_success_head,8,0.2576321269694873,0.26811922766885443
15001,0,visual_success_head,16,0.4288934635024758,0.3196135815502716
15001,0,visual_success_head,32,0.5785627495170044,0.3646157013236778
15001,0,low_energy,1,-0.12062696917545986,0.15438539754660147
15001,0,low_energy,2,-0.0556504931697151,0.17392233283592023
15001,0,low_energy,4,0.07775544715823078,0.21403443776397693
15001,0,low_energy,8,0.32674521376698884,0.28889994689851034
15001,0,low_energy,16,0.6029679061975257,0.37195377190095674
15001,0,low_energy,32,0.730474990255957,0.41029222611258637
15001,0,oracle_real_utility,1,-0.12062696917546006,0.15438539754660147
15001,0,oracle_real_utility,2,0.15053081198389934,0.23591631995669451
15001,0,oracle_real_utility,4,0.5247874672592168,0.34844670795533383
15001,0,oracle_real_utility,8,1.0469692513045816,0.5054547876679567
15001,0,oracle_real_utility,16,1.7093937457761785,0.704630632190627
15001,0,oracle_real_utility,32,2.328359614556057,0.8907394652332236
15001,1,random,1,0.31419649891961765,0.3538508521634105
15001,1,random,2,0.2984088579664988,0.3491364241637463
15001,1,random,4,0.28481407836775896,0.3450768176791626
15001,1,random,8,0.22164588929783877,0.32621384251247165
15001,1,random,16,-0.03486858425974329,0.24961474705229295
15001,1,random,32,-0.3158654079816379,0.16570485212213912
15001,1,visual_wam,1,0.3141964989196176,0.35385085216341033
15001,1,visual_wam,2,0.5365163441003745,0.42023891521307766
15001,1,visual_wam,4,0.7170647596126396,0.47415339856835503
15001,1,visual_wam,8,0.7003888360472998,0.4691737159666194
15001,1,visual_wam,16,0.6077005601324202,0.44149559708164543
15001,1,visual_wam,32,0.8120660102200117,0.502522206625016
15001,1,visual_success_head,1,0.3141964989196176,0.35385085216341033
15001,1,visual_success_head,2,0.5031341332809485,0.41027048295362073
15001,1,visual_success_head,4,0.6680036706628976,0.4595030165305634
15001,1,visual_success_head,8,0.64351465668699,0.45219022714581514
15001,1,visual_success_head,16,0.5653904109712085,0.42886114761146166
15001,1,visual_success_head,32,0.7934325654383664,0.4969579786273283
15001,1,low_energy,1,0.3141964989196176,0.35385085216341045
15001,1,low_energy,2,0.5543422741743846,0.42556200712468895
15001,1,low_energy,4,0.7359648310720022,0.47979724531837076
15001,1,low_energy,8,0.8797478729537843,0.5227330329092615
15001,1,low_energy,16,1.0409001198436112,0.5708555274100061
15001,1,low_energy,32,1.2817118482883132,0.6427655460504382
15001,1,oracle_real_utility,1,0.31419649891961754,0.35385085216341045
15001,1,oracle_real_utility,2,0.9275545764652522,0.5370088365125594
15001,1,oracle_real_utility,4,1.6312032786091002,0.7471289648563049
15001,1,oracle_real_utility,8,2.1953458800407075,0.9155904648289875
15001,1,oracle_real_utility,16,2.4177124526416467,0.9819924813919576
15001,1,oracle_real_utility,32,2.4536470792505476,0.9927231035504893
15001,2,random,1,-0.17905245135536077,0.11860484365685534
15001,2,random,2,-0.1304623354905589,0.13299762737107096
15001,2,random,4,-0.0965198082739678,0.1430516773408542
15001,2,random,8,-0.033854653384214534,0.16161360098918584
15001,2,random,16,0.136757030182857,0.21215015594475548
15001,2,random,32,0.3471347720056149,0.274465737672632
15001,2,visual_wam,1,-0.17905245135536088,0.11860484365685531
15001,2,visual_wam,2,0.001357534216276113,0.17204373459183833
15001,2,visual_wam,4,0.23754219240124685,0.24200353282180478
15001,2,visual_wam,8,0.49870032606684894,0.3193606756513417
15001,2,visual_wam,16,0.7124835339630621,0.38268498386132244
15001,2,visual_wam,32,0.7957139350032427,0.40733849907317865
15001,2,visual_success_head,1,-0.17905245135536077,0.11860484365685531
15001,2,visual_success_head,2,-0.044542887587602026,0.15844765992404686
15001,2,visual_success_head,4,0.11697970065222799,0.2062919516307108
15001,2,visual_success_head,8,0.30346588133024194,0.2615306605001641
15001,2,visual_success_head,16,0.576530250815637,0.3424145262846644
15001,2,visual_success_head,32,1.0375800541961033,0.47898119181804677
15001,2,low_energy,1,-0.1790524513553608,0.11860484365685535
15001,2,low_energy,2,-0.19323252612919098,0.11440459128785486
15001,2,low_energy,4,-0.13346525532994452,0.13210813832602195
15001,2,low_energy,8,0.013310468183073937,0.1755842899140997
15001,2,low_energy,16,0.2313482788733014,0.24016884574264
15001,2,low_energy,32,0.4118794307413712,0.2936436271106251
15001,2,oracle_real_utility,1,-0.17905245135536085,0.11860484365685532
15001,2,oracle_real_utility,2,0.04473984112519083,0.18489392334423915
15001,2,oracle_real_utility,4,0.3693169006913234,0.28103626286715144
15001,2,oracle_real_utility,8,0.8341297471228296,0.4187175720636936
15001,2,oracle_real_utility,16,1.4632338211316664,0.6050632662401529
15001,2,oracle_real_utility,32,2.1557840977551095,0.8102022366924116
15001,3,random,1,-0.06207034636817637,0.10606543475250184
15001,3,random,2,-0.0774354518091815,0.10085719033302165
15001,3,random,4,-0.11730172099426091,0.08734389068103417
15001,3,random,8,-0.18930048630240376,0.06293877552804175
15001,3,random,16,-0.22491527330498265,0.050866582703244345
15001,3,random,32,-0.23823274609203357,0.04635241561268644
15001,3,visual_wam,1,-0.06207034636817639,0.10606543475250185
15001,3,visual_wam,2,-0.050031460079749304,0.11014620481745203
15001,3,visual_wam,4,-0.056530504803313425,0.10794325127812113
15001,3,visual_wam,8,-0.05666526540178743,0.1078975720514043
15001,3,visual_wam,16,-0.09431817021055292,0.09513452710515079
15001,3,visual_wam,32,-0.19365297463939146,0.06146343107440251
15001,3,visual_success_head,1,-0.06207034636817638,0.10606543475250184
15001,3,visual_success_head,2,-0.07187248087742093,0.10274284692173279
15001,3,visual_success_head,4,-0.11153126625799539,0.0892998771722048
15001,3,visual_success_head,8,-0.13285767004903445,0.08207095681375166
15001,3,visual_success_head,16,-0.18547660922683856,0.06423493887140817
15001,3,visual_success_head,32,-0.24153428762943413,0.045233306124380604
15001,3,low_energy,1,-0.06207034636817638,0.10606543475250188
15001,3,low_energy,2,-0.11645853181573923,0.08762970292947356
15001,3,low_energy,4,-0.14881336381798127,0.07666252318144615
15001,3,low_energy,8,-0.1825730831817131,0.06521913474168076
15001,3,low_energy,16,-0.20865390499389488,0.05637862953458681
15001,3,low_energy,32,-0.214388433210714,0.0544348209028612
15001,3,oracle_real_utility,1,-0.062070346368176384,0.10606543475250185
15001,3,oracle_real_utility,2,0.13228630775094055,0.17194568289601986
15001,3,oracle_real_utility,4,0.4478487308096507,0.2789105348590316
15001,3,oracle_real_utility,8,0.9402517395095304,0.4458182877568634
15001,3,oracle_real_utility,16,1.5950479400660533,0.6677717699857665
15001,3,oracle_real_utility,32,2.2138533959450015,0.8775256226163156
15001,4,random,1,0.3799266603788933,0.3493160496543661
15001,4,random,2,0.3300846401956494,0.3337411263601436
15001,4,random,4,0.3660393594692381,0.34497646539119886
15001,4,random,8,0.40204731459397125,0.3562284398695139
15001,4,random,16,0.5866234573682442,0.4139058625559081
15001,4,random,32,0.9776345885552931,0.536091286682693
15001,4,visual_wam,1,0.3799266603788934,0.349316049654366
15001,4,visual_wam,2,0.57680490044688,0.41083770299199024
15001,4,visual_wam,4,0.8226502802326711,0.4876608919061895
15001,4,visual_wam,8,1.1968139969470584,0.6045817383302053
15001,4,visual_wam,16,1.5904878633157178,0.7275992293767087
15001,4,visual_wam,32,1.9776561958223609,0.8485838335033731
15001,4,visual_success_head,1,0.37992666037889333,0.349316049654366
15001,4,visual_success_head,2,0.5327329765383152,0.3970658528185604
15001,4,visual_success_head,4,0.7202196689713678,0.45565278092854805
15001,4,visual_success_head,8,0.9845371565484531,0.5382482411285877
15001,4,visual_success_head,16,1.31365436279463,0.6410926929234263
15001,4,visual_success_head,32,1.8274177692219085,0.8016364593491174
15001,4,low_energy,1,0.3799266603788933,0.349316049654366
15001,4,low_energy,2,0.5489442553382982,0.402131647160016
15001,4,low_energy,4,0.7021401378970347,0.45000318429014957
15001,4,low_energy,8,0.7434509653385252,0.4629122310393898
15001,4,low_energy,16,0.6924074584118275,0.4469618602051295
15001,4,low_energy,32,0.5879767322810905,0.4143287417427085
15001,4,oracle_real_utility,1,0.3799266603788934,0.34931604965436597
15001,4,oracle_real_utility,2,0.992015546367912,0.5405851317155694
15001,4,oracle_real_utility,4,1.6948473955387198,0.7602101007542825
15001,4,oracle_real_utility,8,2.2348388400374977,0.9289497565042766
15001,4,oracle_real_utility,16,2.426038072269742,0.9886968005643517
15001,4,oracle_real_utility,32,2.4511554045770376,0.9965456101150757
15002,0,random,1,0.03185976338472575,0.22012505908885813
15002,0,random,2,-0.011596115809914972,0.20647921796997667
15002,0,random,4,-0.007239145964142046,0.2078473761887732
15002,0,random,8,0.08426359145240217,0.2365806992711626
15002,0,random,16,0.33183266127504357,0.3143213469201849
15002,0,random,32,0.8128550127741689,0.465370058966433
15002,0,visual_wam,1,0.0318597633847257,0.22012505908885818
15002,0,visual_wam,2,0.09723672285413278,0.24065447002907242
15002,0,visual_wam,4,0.12648856011591839,0.24984001479556583
15002,0,visual_wam,8,0.21098265623875553,0.2763725124125495
15002,0,visual_wam,16,0.32692704286492824,0.3127809042768671
15002,0,visual_wam,32,0.2966296649083607,0.30326704300939067
15002,0,visual_success_head,1,0.03185976338472572,0.22012505908885818
15002,0,visual_success_head,2,0.03899228841358979,0.22236478602855222
15002,0,visual_success_head,4,0.052249942133852034,0.22652790134525158
15002,0,visual_success_head,8,0.13647836107718508,0.2529769720785175
15002,0,visual_success_head,16,0.24966851943852178,0.28852049221538134
15002,0,visual_success_head,32,0.20470225267374909,0.274400365241699
15002,0,low_energy,1,0.03185976338472572,0.22012505908885813
15002,0,low_energy,2,0.1098826514106423,0.24462549386016166
15002,0,low_energy,4,0.16036099132601705,0.26047649996556915
15002,0,low_energy,8,0.17417629997112008,0.26481472784803795
15002,0,low_energy,16,0.0638030590888112,0.23015576485456177
15002,0,low_energy,32,-0.14449528865773223,0.16474675205002037
15002,0,oracle_real_utility,1,0.03185976338472582,0.22012505908885818
15002,0,oracle_real_utility,2,0.409048115019356,0.33856823441261824
15002,0,oracle_real_utility,4,0.9357782598602448,0.5039699246380145
15002,0,oracle_real_utility,8,1.5880698256693047,0.7087999093300422
15002,0,oracle_real_utility,16,2.1750662173777036,0.8931261649957519
15002,0,oracle_real_utility,32,2.4510830072787,0.9797998517542792
15002,1,random,1,-0.3055163225318106,0.3787780752664999
15002,1,random,2,-0.30788411963052886,0.3748251546577002
15002,1,random,4,-0.31045621236327137,0.37053117255234796
15002,1,random,8,-0.3212320559708649,0.3525414325122427
15002,1,random,16,-0.3412958480206188,0.3190459201108326
15002,1,random,32,-0.3706463789504676,0.270046654652398
15002,1,visual_wam,1,-0.3055163225318106,0.37877807526650004
15002,1,visual_wam,2,-0.2545413629844619,0.46387825899276325
15002,1,visual_wam,4,-0.1925042784930118,0.5674461153470253
15002,1,visual_wam,8,-0.11784702561032913,0.6920827211085856
15002,1,visual_wam,16,-0.05375140473300532,0.799087202547019
15002,1,visual_wam,32,-0.02890305608462058,0.8405702964827311
15002,1,visual_success_head,1,-0.30551632253181055,0.3787780752664999
15002,1,visual_success_head,2,-0.26946969614151534,0.4389561422187012
15002,1,visual_success_head,4,-0.21669784430466046,0.5270561490999243
15002,1,visual_success_head,8,-0.16348602597011652,0.6158906583744639
15002,1,visual_success_head,16,-0.13039874123232903,0.6711282502272535
15002,1,visual_success_head,32,-0.10974808678558899,0.705603500489155
15002,1,low_energy,1,-0.30551632253181055,0.3787780752665001
15002,1,low_energy,2,-0.3017815623144522,0.3850130734595936
15002,1,low_energy,4,-0.31017406771811945,0.3710021991378132
15002,1,low_energy,8,-0.3266394150322832,0.3435141129481508
15002,1,low_energy,16,-0.33760609837946864,0.3252057753643543
15002,1,low_energy,32,-0.34617992920073126,0.3108921871907411
15002,1,oracle_real_utility,1,-0.3055163225318105,0.37877807526650004
15002,1,oracle_real_utility,2,-0.22096999786172555,0.5199239992004163
15002,1,oracle_real_utility,4,-0.1359093633988612,0.6619285379963431
15002,1,oracle_real_utility,8,-0.05988864710307824,0.7888413787562089
15002,1,oracle_real_utility,16,0.00022467270447269587,0.8891976047433324
15002,1,oracle_real_utility,32,0.038886936150767784,0.9537423489033899
15002,2,random,1,-0.20656064381672393,0.08489807640089067
15002,2,random,2,-0.215551158101484,0.08204484689769252
15002,2,random,4,-0.23884560291899565,0.07465212217597016
15002,2,random,8,-0.25736552977169747,0.06877463841702966
15002,2,random,16,-0.236277626180862,0.07546709524210378
15002,2,random,32,-0.18153354255715137,0.09284067694982515
15002,2,visual_wam,1,-0.20656064381672387,0.08489807640089067
15002,2,visual_wam,2,-0.07901558211975149,0.12537577561748625
15002,2,visual_wam,4,0.11996990842910521,0.18852580845873834
15002,2,visual_wam,8,0.4184627902625179,0.2832555057782111
15002,2,visual_wam,16,0.828635427427481,0.4134278888806395
15002,2,visual_wam,32,1.295755600268407,0.5616731412070802
15002,2,visual_success_head,1,-0.20656064381672395,0.08489807640089067
15002,2,visual_success_head,2,-0.09586006246028483,0.12003001154310848
15002,2,visual_success_head,4,0.08143541089368589,0.17629650079328624
15002,2,visual_success_head,8,0.35475900768223134,0.26303847411946646
15002,2,visual_success_head,16,0.7139196903289835,0.37702170396134327
15002,2,visual_success_head,32,1.1158993199064613,0.5045939542762441
15002,2,low_energy,1,-0.2065606438167239,0.0848980764008907
15002,2,low_energy,2,-0.21494580907911867,0.08223696045600953
15002,2,low_energy,4,-0.16322042875433285,0.09865252652178996
15002,2,low_energy,8,-0.1070160381018176,0.11648955125027108
15002,2,low_energy,16,-0.11647491158404202,0.11348768327790723
15002,2,low_energy,32,-0.21490464217381788,0.08225002518457113
15002,2,oracle_real_utility,1,-0.20656064381672395,0.08489807640089067
15002,2,oracle_real_utility,2,-0.045807788024417984,0.13591460074449194
15002,2,oracle_real_utility,4,0.18736167067904,0.20991325730023225
15002,2,oracle_real_utility,8,0.5278040466881213,0.3179560455770427
15002,2,oracle_real_utility,16,1.0205192816756803,0.474324146512573
15002,2,oracle_real_utility,32,1.6634401250780453,0.6783614974932781
15002,3,random,1,-0.24332800349634837,0.4078639210042298
15002,3,random,2,-0.245041175607429,0.4036351533503022
15002,3,random,4,-0.2521861383948702,0.3859986372474401
15002,3,random,8,-0.25473169901515247,0.3797152146172572
15002,3,random,16,-0.24945815549698813,0.39273234821811115
15002,3,random,32,-0.23659455128282172,0.4244846707442359
15002,3,visual_wam,1,-0.2433280034963483,0.4078639210042299
15002,3,visual_wam,2,-0.23331290257913248,0.4325850418627928
15002,3,visual_wam,4,-0.22560897410937336,0.4516013002470951
15002,3,visual_wam,8,-0.22008851122729872,0.46522792580294764
15002,3,visual_wam,16,-0.2158595004296375,0.47566675092366484
15002,3,visual_wam,32,-0.2122068303793268,0.4846829454200141
15002,3,visual_success_head,1,-0.24332800349634834,0.40786392100422997
15002,3,visual_success_head,2,-0.24154842682525454,0.412256600651378
15002,3,visual_success_head,4,-0.24042576191219756,0.4150277694322779
15002,3,visual_success_head,8,-0.23339359210233207,0.4323858690864498
15002,3,visual_success_head,16,-0.2203624788948719,0.4645516682317661
15002,3,visual_success_head,32,-0.21210983157469537,0.48492237577545927
15002,3,low_energy,1,-0.24332800349634837,0.40786392100422997
15002,3,low_energy,2,-0.24680772546644733,0.39927462888545134
15002,3,low_energy,4,-0.24411595311008077,0.40591895831313485
15002,3,low_energy,8,-0.2394729221509623,0.41737974442394765
15002,3,low_energy,16,-0.23772889217453458,0.42168468115744706
15002,3,low_energy,32,-0.23875702735652693,0.4191468481088273
15002,3,oracle_real_utility,1,-0.24332800349634828,0.4078639210042301
15002,3,oracle_real_utility,2,-0.18797864500521372,0.5444874250521192
15002,3,oracle_real_utility,4,-0.13426011933904602,0.6770854064717926
15002,3,oracle_real_utility,8,-0.08941814353025113,0.7877726489338626
15002,3,oracle_real_utility,16,-0.055896034490132744,0.8705181066047039
15002,3,oracle_real_utility,32,-0.03244407284140771,0.9284065675479095
15002,4,random,1,-0.21637706869299,0.0681325808652021
15002,4,random,2,-0.1868032634036932,0.078285492614357
15002,4,random,4,-0.16942797975233834,0.08425055932806068
15002,4,random,8,-0.18992442303128568,0.07721397483218505
15002,4,random,16,-0.24328923305385547,0.058893430642166594
15002,4,random,32,-0.27946901655410267,0.0464726364498656
15002,4,visual_wam,1,-0.21637706869299014,0.06813258086520213
15002,4,visual_wam,2,-0.1656356581061313,0.08555249212371224
15002,4,visual_wam,4,-0.09254107525718716,0.11064641702607175
15002,4,visual_wam,8,-0.007277597004358757,0.13991801605293921
15002,4,visual_wam,16,0.03468173164453721,0.15432297194747893
15002,4,visual_wam,32,-0.041024488601207734,0.12833245211081423
15002,4,visual_success_head,1,-0.2163770686929901,0.06813258086520214
15002,4,visual_success_head,2,-0.1736870808578946,0.08278837760229237
15002,4,visual_success_head,4,-0.10285889630851522,0.10710423077195387
15002,4,visual_success_head,8,-0.013712345612756461,0.13770891803156612
15002,4,visual_success_head,16,0.04716924794867436,0.1586100310446023
15002,4,visual_success_head,32,-0.02095046228325162,0.135224017658863
15002,4,low_energy,1,-0.21637706869299003,0.06813258086520216
15002,4,low_energy,2,-0.23332495914527912,0.06231424147961386
15002,4,low_energy,4,-0.23499201492174335,0.061741928582650096
15002,4,low_energy,8,-0.2299681604458633,0.06346665594307087
15002,4,low_energy,16,-0.22520355975179174,0.06510237951309036
15002,4,low_energy,32,-0.21658219681018892,0.06806215882614366
15002,4,oracle_real_utility,1,-0.2163770686929901,0.06813258086520214
15002,4,oracle_real_utility,2,-0.12817536372470445,0.09841289541748906
15002,4,oracle_real_utility,4,-0.010698765450117581,0.1387435029671527
15002,4,oracle_real_utility,8,0.16824404962358971,0.20017592912322146
15002,4,oracle_real_utility,16,0.46171052809165614,0.3009251978789694
15002,4,oracle_real_utility,32,0.926390711713793,0.46045343071020667
15003,0,random,1,-0.3029382330981353,0.311605232832932
15003,0,random,2,-0.3032907067875989,0.3110526621169041
15003,0,random,4,-0.3196792703068681,0.28536041742114476
15003,0,random,8,-0.3510672256989157,0.2361537234065113
15003,0,random,16,-0.39039069346494903,0.1745065781309149
15003,0,random,32,-0.426987971621954,0.1171332626171424
15003,0,visual_wam,1,-0.3029382330981353,0.31160523283293207
15003,0,visual_wam,2,-0.2750248719758157,0.35536482795501306
15003,0,visual_wam,4,-0.23968654198851486,0.41076449859153424
15003,0,visual_wam,8,-0.1842772393595406,0.4976293028125488
15003,0,visual_wam,16,-0.11050895702395969,0.6132753604016223
15003,0,visual_wam,32,-0.04098546167237818,0.7222668929771974
15003,0,visual_success_head,1,-0.3029382330981353,0.31160523283293207
15003,0,visual_success_head,2,-0.2880110067679052,0.3350065486989828
15003,0,visual_success_head,4,-0.26626187135635715,0.36910252716943803
15003,0,visual_success_head,8,-0.23083065390897892,0.4246478168744437
15003,0,visual_success_head,16,-0.17530279378746805,0.511698482907275
15003,0,visual_success_head,32,-0.1207062984515539,0.5972890544086712
15003,0,low_energy,1,-0.3029382330981352,0.31160523283293223
15003,0,low_energy,2,-0.31899509935711484,0.286432987779988
15003,0,low_energy,4,-0.3354192173564611,0.26068500455649907
15003,0,low_energy,8,-0.34337111000045434,0.24821887405252488
15003,0,low_energy,16,-0.34845602857952496,0.24024728018843244
15003,0,low_energy,32,-0.34726508879443946,0.24211430876237394
15003,0,oracle_real_utility,1,-0.30293823309813517,0.3116052328329321
15003,0,oracle_real_utility,2,-0.21994059573051522,0.44172009042320065
15003,0,oracle_real_utility,4,-0.1325577034369143,0.5787096837082184
15003,0,oracle_real_utility,8,-0.053334364391985314,0.7029075983066648
15003,0,oracle_real_utility,16,0.011387503439483922,0.804371650573208
15003,0,oracle_real_utility,32,0.06380731095963416,0.8865498427087659
15003,1,random,1,-0.21442983174600577,0.06905824201061801
15003,1,random,2,-0.18340290085531585,0.07923257450492155
15003,1,random,4,-0.18019546177873894,0.08028435599550099
15003,1,random,8,-0.22833263000981144,0.06449924477574713
15003,1,random,16,-0.28704028641274604,0.04524786543986777
15003,1,random,32,-0.2957506724115933,0.042391560908226496
15003,1,visual_wam,1,-0.21442983174600574,0.06905824201061803
15003,1,visual_wam,2,-0.1424031590618124,0.09267718514518532
15003,1,visual_wam,4,-0.09054003060970292,0.10968411099697398
15003,1,visual_wam,8,-0.11079563916217308,0.10304190403769237
15003,1,visual_wam,16,-0.16587961903302817,0.08497879852815673
15003,1,visual_wam,32,-0.1523400118537236,0.08941869836129941
15003,1,visual_success_head,1,-0.21442983174600577,0.06905824201061801
15003,1,visual_success_head,2,-0.1389917670297376,0.09379584676611802
15003,1,visual_success_head,4,-0.06658171730162685,0.11754050667006995
15003,1,visual_success_head,8,-0.0563982143736515,0.12087987481804953
15003,1,visual_success_head,16,-0.13102120002583506,0.09640955029843105
15003,1,visual_success_head,32,-0.21315790859077116,0.0694753302857733
15003,1,low_energy,1,-0.21442983174600574,0.069058242010618
15003,1,low_energy,2,-0.285247784926854,0.04583566144773753
15003,1,low_energy,4,-0.32256911315669157,0.03359727396825452
15003,1,low_energy,8,-0.33506932214483326,0.029498212964067426
15003,1,low_energy,16,-0.33916517105788024,0.02815510465488315
15003,1,low_energy,32,-0.3366217026881335,0.028989157271099616
15003,1,oracle_real_utility,1,-0.21442983174600583,0.06905824201061801
15003,1,oracle_real_utility,2,-0.08040605046550198,0.1130072396635192
15003,1,oracle_real_utility,4,0.13375559725556185,0.18323499822328815
15003,1,oracle_real_utility,8,0.47611911471018414,0.2955026367072428
15003,1,oracle_real_utility,16,0.9926175087041704,0.46487247904783513
15003,1,oracle_real_utility,32,1.6579202886099358,0.6830381660116348
15003,2,random,1,-0.21248422195630814,0.12470352608856955
15003,2,random,2,-0.26455240985204714,0.10740601864166091
15003,2,random,4,-0.30536938987948703,0.0938462608602164
15003,2,random,8,-0.3367197509882072,0.08343139668581445
15003,2,random,16,-0.344699833401719,0.08078034350818006
15003,2,random,32,-0.3261152018760669,0.08695432065631366
15003,2,visual_wam,1,-0.21248422195630817,0.12470352608856954
15003,2,visual_wam,2,-0.2129244253244365,0.12455728667932407
15003,2,visual_wam,4,-0.17224200431900294,0.1380723427767026
15003,2,visual_wam,8,-0.1340547494974167,0.15075848284318724
15003,2,visual_wam,16,-0.15345220652933264,0.14431447795228314
15003,2,visual_wam,32,-0.20347672987891263,0.1276958937430519
15003,2,visual_success_head,1,-0.21248422195630814,0.12470352608856952
15003,2,visual_success_head,2,-0.21859241810964147,0.12267432989950626
15003,2,visual_success_head,4,-0.1790638182894322,0.1358060765069563
15003,2,visual_success_head,8,-0.13918393769198578,0.14905452166117314
15003,2,visual_success_head,16,-0.1558421105292571,0.1435205309395915
15003,2,visual_success_head,32,-0.20419808711119591,0.12745625256094878
15003,2,low_energy,1,-0.21248422195630817,0.1247035260885695
15003,2,low_energy,2,-0.2542544711287733,0.11082708395913114
15003,2,low_energy,4,-0.261110237970716,0.10854953824849052
15003,2,low_energy,8,-0.25352677825065995,0.1110688298981954
15003,2,low_energy,16,-0.2592797084138196,0.10915765617849424
15003,2,low_energy,32,-0.2802583503566666,0.10218836782993387
15003,2,oracle_real_utility,1,-0.21248422195630828,0.12470352608856955
15003,2,oracle_real_utility,2,-0.06092892168347688,0.17505152245704503
15003,2,oracle_real_utility,4,0.13590498003738835,0.2404414662676183
15003,2,oracle_real_utility,8,0.43085889464393534,0.33842773659102077
15003,2,oracle_real_utility,16,0.8863929386295331,0.4897601304499992
15003,2,oracle_real_utility,32,1.4969029176264539,0.6925768854570514
15003,3,random,1,-0.18610617448365943,0.13555124764871826
15003,3,random,2,-0.19528892121239502,0.13261564934025796
15003,3,random,4,-0.2507222140490286,0.11489438515964194
15003,3,random,8,-0.28863842840655685,0.102773090952227
15003,3,random,16,-0.2782392866331343,0.10609755408959837
15003,3,random,32,-0.24928748848406596,0.11535304726435068
15003,3,visual_wam,1,-0.1861061744836595,0.13555124764871831
15003,3,visual_wam,2,-0.15787482816424023,0.14457642224506248
15003,3,visual_wam,4,-0.14857829566595257,0.14754839630497185
15003,3,visual_wam,8,-0.1747054015387057,0.13919591854741745
15003,3,visual_wam,16,-0.2342216003211789,0.12016940527932499
15003,3,visual_wam,32,-0.27586530442640333,0.10685648367311679
15003,3,visual_success_head,1,-0.18610617448365954,0.13555124764871831
15003,3,visual_success_head,2,-0.16465627269130986,0.14240848734816644
15003,3,visual_success_head,4,-0.1560620285405319,0.1451559494460341
15003,3,visual_success_head,8,-0.17892705305921167,0.13784631440079267
15003,3,visual_success_head,16,-0.23844381069788617,0.11881962247403002
15003,3,visual_success_head,32,-0.28580211843325953,0.10367982038796603
15003,3,low_energy,1,-0.1861061744836595,0.13555124764871831
15003,3,low_energy,2,-0.19197262899005918,0.1336758225243647
15003,3,low_energy,4,-0.217555902670905,0.1254972004670501
15003,3,low_energy,8,-0.21940289979336666,0.1249067407942964
15003,3,low_energy,16,-0.19947607531075062,0.13127707354681578
15003,3,low_energy,32,-0.1641313877168896,0.1425762858825878
15003,3,oracle_real_utility,1,-0.18610617448365935,0.1355512476487183
15003,3,oracle_real_utility,2,-0.04084091591885047,0.18199056040755254
15003,3,oracle_real_utility,4,0.1547154864483855,0.24450726275777662
15003,3,oracle_real_utility,8,0.45557002842550737,0.3406863375608419
15003,3,oracle_real_utility,16,0.9221068333250523,0.48983176166492126
15003,3,oracle_real_utility,32,1.550293982533638,0.6906545859341036
15003,4,random,1,-0.1632769614820945,0.11474565730531634
15003,4,random,2,-0.17760381269224151,0.11021470626728694
15003,4,random,4,-0.23364448706064955,0.09249151308429569
15003,4,random,8,-0.2969902410338207,0.07245804547096438
15003,4,random,16,-0.3490738701587642,0.055986291141522954
15003,4,random,32,-0.38196759245707623,0.04558345781785232
15003,4,visual_wam,1,-0.16327696148209453,0.11474565730531636
15003,4,visual_wam,2,-0.038047946008228,0.1543500706777992
15003,4,visual_wam,4,0.15470405407025867,0.21530902544235458
15003,4,visual_wam,8,0.4238423264529587,0.30042558851255396
15003,4,visual_wam,16,0.8364888493298575,0.43092748064109876
15003,4,visual_wam,32,1.3677484556752326,0.5989414586971312
15003,4,visual_success_head,1,-0.1632769614820946,0.11474565730531633
15003,4,visual_success_head,2,-0.037134967088678375,0.15463880563585491
15003,4,visual_success_head,4,0.1616390365235428,0.21750225446976074
15003,4,visual_success_head,8,0.45494426511414654,0.31026175971267284
15003,4,visual_success_head,16,0.9293743214974717,0.4603030580350784
15003,4,visual_success_head,32,1.6081790662371225,0.6749790547131971
15003,4,low_energy,1,-0.1632769614820946,0.11474565730531633
15003,4,low_energy,2,-0.3152811333715259,0.06667344308985544
15003,4,low_energy,4,-0.3523313997115937,0.054956078243216945
15003,4,low_energy,8,-0.3561727286136841,0.05374123536385405
15003,4,low_energy,16,-0.3472561480481774,0.05656115646000824
15003,4,low_energy,32,-0.33734945375188863,0.05969420685236651
15003,4,oracle_real_utility,1,-0.16327696148209456,0.11474565730531637
15003,4,oracle_real_utility,2,0.038475632664230805,0.17855110293072962
15003,4,oracle_real_utility,4,0.3433264176876114,0.2749619583647199
15003,4,oracle_real_utility,8,0.7916495065189594,0.416746774505915
15003,4,oracle_real_utility,16,1.399806246698881,0.6090799238340242
15003,4,oracle_real_utility,32,2.0603964694500014,0.8179954707035562
15004,0,random,1,-0.2306140935366407,0.06566367435218377
15004,0,random,2,-0.23080109446765226,0.06560263438625658
15004,0,random,4,-0.24360496470933632,0.061423255176428604
15004,0,random,8,-0.2386168843000849,0.06305144096446524
15004,0,random,16,-0.2250963749004778,0.06746474216358532
15004,0,random,32,-0.21869351801314763,0.06955473264718867
15004,0,visual_wam,1,-0.2306140935366406,0.06566367435218377
15004,0,visual_wam,2,-0.1850025856924881,0.08055196859560344
15004,0,visual_wam,4,-0.10415316087198746,0.10694245825561963
15004,0,visual_wam,8,0.008382598691009787,0.1436758525342179
15004,0,visual_wam,16,0.10092795379254878,0.17388407284391144
15004,0,visual_wam,32,0.06973712393780403,0.16370290860438252
15004,0,visual_success_head,1,-0.2306140935366406,0.06566367435218377
15004,0,visual_success_head,2,-0.1915291699460264,0.07842159160602524
15004,0,visual_success_head,4,-0.1300837935828183,0.09847830287106163
15004,0,visual_success_head,8,-0.06354161712636526,0.1201986876929424
15004,0,visual_success_head,16,-0.04304962084172753,0.12688758890978438
15004,0,visual_success_head,32,-0.10434256953674143,0.10688063236854861
15004,0,low_energy,1,-0.23061409353664072,0.06566367435218379
15004,0,low_energy,2,-0.23207452098610468,0.06518696848086991
15004,0,low_energy,4,-0.2630040273766605,0.05509110421960186
15004,0,low_energy,8,-0.2978693793919453,0.043710519708394714
15004,0,low_energy,16,-0.30715413032299776,0.04067983490159774
15004,0,low_energy,32,-0.30241321085056494,0.042227343577064314
15004,0,oracle_real_utility,1,-0.23061409353664059,0.06566367435218376
15004,0,oracle_real_utility,2,-0.13076039694974761,0.09825744917669677
15004,0,oracle_real_utility,4,0.01326302337990784,0.14526889784746289
15004,0,oracle_real_utility,8,0.2280025513525989,0.21536316636133207
15004,0,oracle_real_utility,16,0.5543393802900904,0.3218845019042607
15004,0,oracle_real_utility,32,1.0424026163069866,0.48119581193688243
15004,1,random,1,-0.2769850573653426,0.07354297643799208
15004,1,random,2,-0.2907901511177904,0.06918188965257432
15004,1,random,4,-0.3201794994115936,0.059897671756305365
15004,1,random,8,-0.3316346464227113,0.05627894296307673
15004,1,random,16,-0.3157726639520251,0.06128980948697651
15004,1,random,32,-0.27966920818711716,0.0726950419806956
15004,1,visual_wam,1,-0.2769850573653426,0.07354297643799208
15004,1,visual_wam,2,-0.2455741701714081,0.08346580691753366
15004,1,visual_wam,4,-0.2310153630364568,0.08806499490902586
15004,1,visual_wam,8,-0.205507847817358,0.09612292552113283
15004,1,visual_wam,16,-0.15418916229824994,0.1123347126538867
15004,1,visual_wam,32,-0.09649460741406933,0.13056066355344864
15004,1,visual_success_head,1,-0.2769850573653427,0.07354297643799208
15004,1,visual_success_head,2,-0.2482799424238502,0.08261104215996846
15004,1,visual_success_head,4,-0.24101756491931395,0.08490525755130783
15004,1,visual_success_head,8,-0.22925299412457126,0.08862173461036202
15004,1,visual_success_head,16,-0.18120244177677933,0.10380110482208738
15004,1,visual_success_head,32,-0.1127122907393952,0.12543742964367322
15004,1,low_energy,1,-0.2769850573653426,0.07354297643799208
15004,1,low_energy,2,-0.30527979972288943,0.0646045491295633
15004,1,low_energy,4,-0.33306394098939796,0.05582742283876452
15004,1,low_energy,8,-0.3476843659955408,0.05120876950436206
15004,1,low_energy,16,-0.37249266242700496,0.043371725028166275
15004,1,low_energy,32,-0.3933237636361657,0.03679109313692221
15004,1,oracle_real_utility,1,-0.27698505736534257,0.07354297643799211
15004,1,oracle_real_utility,2,-0.16057916854768278,0.11031608298625428
15004,1,oracle_real_utility,4,0.004911156693746588,0.16259516804476204
15004,1,oracle_real_utility,8,0.24029245560552853,0.23695310364636835
15004,1,oracle_real_utility,16,0.5804708534515962,0.3444168805778388
15004,1,oracle_real_utility,32,1.0727550767069078,0.49993152315878775
15004,2,random,1,-0.3332455046596488,0.37315509576525757
15004,2,random,2,-0.3443781178475333,0.3566061372980221
15004,2,random,4,-0.35006607059566996,0.3481508274616084
15004,2,random,8,-0.3585509556723801,0.33553779507074505
15004,2,random,16,-0.3598078776451551,0.33366934341676613
15004,2,random,32,-0.34863960371954084,0.3502713126243947
15004,2,visual_wam,1,-0.33324550465964875,0.37315509576525757
15004,2,visual_wam,2,-0.28994290283618657,0.4375256929472013
15004,2,visual_wam,4,-0.24416241219442114,0.5055797450779926
15004,2,visual_wam,8,-0.2096766028778833,0.5568439196663518
15004,2,visual_wam,16,-0.19093697907526158,0.5847009241959534
15004,2,visual_wam,32,-0.15640919789050028,0.6360274912066756
15004,2,visual_success_head,1,-0.33324550465964886,0.37315509576525757
15004,2,visual_success_head,2,-0.3075537189803414,0.4113466943576419
15004,2,visual_success_head,4,-0.2767759698856098,0.45709872785486355
15004,2,visual_success_head,8,-0.2587760976579806,0.4838560698089302
15004,2,visual_success_head,16,-0.264277729646305,0.4756777312876673
15004,2,visual_success_head,32,-0.28668720567557654,0.4423653829807563
15004,2,low_energy,1,-0.3332455046596488,0.37315509576525746
15004,2,low_energy,2,-0.33011825198235967,0.3778038492788827
15004,2,low_energy,4,-0.33571439186439,0.3694850219809627
15004,2,low_energy,8,-0.3460988868186146,0.3540481633746021
15004,2,low_energy,16,-0.3502575817479499,0.3478661404746804
15004,2,low_energy,32,-0.35342868064328425,0.343152208262296
15004,2,oracle_real_utility,1,-0.3332455046596488,0.37315509576525746
15004,2,oracle_real_utility,2,-0.2426083492763172,0.507889905527577
15004,2,oracle_real_utility,4,-0.14966444705200813,0.6460537626322856
15004,2,oracle_real_utility,8,-0.06547737839891432,0.7712003278730999
15004,2,oracle_real_utility,16,0.0005126597671755301,0.8692964695813539
15004,2,oracle_real_utility,32,0.04676926885812882,0.9380582858559376
15004,3,random,1,-0.142325802767143,0.08881904980979621
15004,3,random,2,-0.1621216583242928,0.08235508396386275
15004,3,random,4,-0.11457241240959479,0.09788139959620169
15004,3,random,8,-0.0674838779218154,0.1132572785414353
15004,3,random,16,-0.07364178190154419,0.11124653033746953
15004,3,random,32,-0.1262543621627359,0.09406687771306228
15004,3,visual_wam,1,-0.14232580276714302,0.08881904980979621
15004,3,visual_wam,2,-0.01864191830031345,0.12920570562155817
15004,3,visual_wam,4,0.15181111437331585,0.18486395077076426
15004,3,visual_wam,8,0.3634766175192388,0.2539793562225586
15004,3,visual_wam,16,0.5552748985003282,0.3166074923994125
15004,3,visual_wam,32,0.6372457510736245,0.3433735389522457
15004,3,visual_success_head,1,-0.14232580276714296,0.08881904980979621
15004,3,visual_success_head,2,-0.03496356995129887,0.12387617598760975
15004,3,visual_success_head,4,0.12053725930313634,0.17465205917251003
15004,3,visual_success_head,8,0.3080872266123476,0.2358929880928474
15004,3,visual_success_head,16,0.4616830894852374,0.286046840186825
15004,3,visual_success_head,32,0.4943539584270028,0.2967149004980787
15004,3,low_energy,1,-0.14232580276714293,0.0888190498097962
15004,3,low_energy,2,-0.16246917407539874,0.08224160920448258
15004,3,low_energy,4,-0.1360065465862087,0.09088248455285837
15004,3,low_energy,8,-0.11702652762215358,0.09708005424034329
15004,3,low_energy,16,-0.1603095545633761,0.08294679250538234
15004,3,low_energy,32,-0.25230400263111996,0.05290772859078324
15004,3,oracle_real_utility,1,-0.14232580276714293,0.08881904980979621
15004,3,oracle_real_utility,2,0.01589597532603454,0.14048340787325816
15004,3,oracle_real_utility,4,0.2414815833332223,0.21414416283698753
15004,3,oracle_real_utility,8,0.5723459018847987,0.3221817088061986
15004,3,oracle_real_utility,16,1.0577096215477968,0.48066814035745775
15004,3,oracle_real_utility,32,1.6908622798877702,0.687412281673107
15004,4,random,1,-0.32390964090750596,0.29269527679421353
15004,4,random,2,-0.33209965155455656,0.278990655622705
15004,4,random,4,-0.33216165801429376,0.2788868981213406
15004,4,random,8,-0.3185463252786106,0.3016698938105797
15004,4,random,16,-0.29011669411094165,0.34924215494541955
15004,4,random,32,-0.23203917779928585,0.4464252227012565
15004,4,visual_wam,1,-0.32390964090750596,0.29269527679421337
15004,4,visual_wam,2,-0.2940912146601419,0.34259145559806525
15004,4,visual_wam,4,-0.2506566761952693,0.4152719344243966
15004,4,visual_wam,8,-0.1959236850169563,0.5068584954201893
15004,4,visual_wam,16,-0.1357783657418126,0.607501687648774
15004,4,visual_wam,32,-0.08019504345541514,0.700511136380475
15004,4,visual_success_head,1,-0.32390964090750596,0.2926952767942134
15004,4,visual_success_head,2,-0.3081549592753784,0.31905811717999283
15004,4,visual_success_head,4,-0.2664917378775462,0.38877459138843556
15004,4,visual_success_head,8,-0.2087859152284553,0.48533569159663104
15004,4,visual_success_head,16,-0.14410868154869774,0.5935622891189928
15004,4,visual_success_head,32,-0.06800963567918214,0.7209013903850612
15004,4,low_energy,1,-0.32390964090750585,0.2926952767942134
15004,4,low_energy,2,-0.32930308730706415,0.2836702409425934
15004,4,low_energy,4,-0.3430444060062866,0.26067642868941554
15004,4,low_energy,8,-0.3470751051250155,0.2539317238460336
15004,4,low_energy,16,-0.3392828485801823,0.26697076965687183
15004,4,low_energy,32,-0.33408252949580164,0.2756726390553038
15004,4,oracle_real_utility,1,-0.3239096409075059,0.2926952767942134
15004,4,oracle_real_utility,2,-0.2593331899301173,0.4007532312199871
15004,4,oracle_real_utility,4,-0.18742219743717936,0.5210843214534052
15004,4,oracle_real_utility,8,-0.1118326432329159,0.647570873124213
15004,4,oracle_real_utility,16,-0.037032448042810674,0.7727365637212629
15004,4,oracle_real_utility,32,0.02811083311874829,0.8817430142207783
15005,0,random,1,-0.32262671672740006,0.06546346371418077
15005,0,random,2,-0.28396610332765576,0.07751005449087357
15005,0,random,4,-0.23879864923957864,0.0915841673405089
15005,0,random,8,-0.20260635837704058,0.10286163241287938
15005,0,random,16,-0.23458206775364782,0.09289804798467695
15005,0,random,32,-0.33865203074732136,0.06046999922695494
15005,0,visual_wam,1,-0.32262671672740006,0.06546346371418076
15005,0,visual_wam,2,-0.2683990613694056,0.08236072207174247
15005,0,visual_wam,4,-0.17273629661817305,0.11216910011296502
15005,0,visual_wam,8,0.005677391943867793,0.16776254538099689
15005,0,visual_wam,16,0.32419471776169106,0.2670120797776556
15005,0,visual_wam,32,0.8448315847879833,0.4292417685690562
15005,0,visual_success_head,1,-0.32262671672740006,0.06546346371418077
15005,0,visual_success_head,2,-0.2883457877293785,0.0761453512159129
15005,0,visual_success_head,4,-0.21304340744349057,0.09960946313869454
15005,0,visual_success_head,8,-0.09283728625991768,0.13706551526542113
15005,0,visual_success_head,16,0.04318191675725634,0.17944890063950403
15005,0,visual_success_head,32,0.06619953863031491,0.18662115806052113
15005,0,low_energy,1,-0.3226267167274,0.06546346371418074
15005,0,low_energy,2,-0.34689412630116134,0.05790177426754015
15005,0,low_energy,4,-0.37073678254561065,0.050472437339116244
15005,0,low_energy,8,-0.3857519118073748,0.04579374494990509
15005,0,low_energy,16,-0.3989927826940127,0.04166790888390495
15005,0,low_energy,32,-0.4101421913820615,0.038193769390093536
15005,0,oracle_real_utility,1,-0.32262671672740006,0.06546346371418077
15005,0,oracle_real_utility,2,-0.22107965374671734,0.09710538050568787
15005,0,oracle_real_utility,4,-0.07151416683577894,0.14370976819356654
15005,0,oracle_real_utility,8,0.15756320532958595,0.21508994341589147
15005,0,oracle_real_utility,16,0.5072578284797731,0.32405427821167543
15005,0,oracle_real_utility,32,1.0217602591915573,0.4843724855901337
15005,1,random,1,-0.2374279121700618,0.07427980222088358
15005,1,random,2,-0.2573308302973201,0.06786621064838716
15005,1,random,4,-0.2791062292875698,0.06084922376442163
15005,1,random,8,-0.29112914976306736,0.05697491242246629
15005,1,random,16,-0.29483685896713063,0.055780126193009864
15005,1,random,32,-0.2582742540346575,0.06756219821702447
15005,1,visual_wam,1,-0.23742791217006168,0.07427980222088355
15005,1,visual_wam,2,-0.15650424881026892,0.10035694940208409
15005,1,visual_wam,4,-0.04714011913042325,0.13559885995827642
15005,1,visual_wam,8,0.09013396644623121,0.17983458020528806
15005,1,visual_wam,16,0.20736554335650334,0.21761172669680878
15005,1,visual_wam,32,0.193953112954631,0.21328965442368164
15005,1,visual_success_head,1,-0.23742791217006168,0.07427980222088355
15005,1,visual_success_head,2,-0.16971701331894615,0.09609921822113869
15005,1,visual_success_head,4,-0.07836549494148023,0.12553667682164643
15005,1,visual_success_head,8,0.029246111815327512,0.16021384776639414
15005,1,visual_success_head,16,0.10133496096964248,0.18344403102147475
15005,1,visual_success_head,32,0.0627692362794586,0.17101646611472754
15005,1,low_energy,1,-0.23742791217006168,0.07427980222088353
15005,1,low_energy,2,-0.22515582282947724,0.07823440667980953
15005,1,low_energy,4,-0.243989009881886,0.07216552929257107
15005,1,low_energy,8,-0.26215647053285845,0.06631117809744878
15005,1,low_energy,16,-0.274031243255431,0.062484606447410426
15005,1,low_energy,32,-0.3079863090897982,0.05154279767914738
15005,1,oracle_real_utility,1,-0.2374279121700617,0.07427980222088354
15005,1,oracle_real_utility,2,-0.11678231344491505,0.11315709600739861
15005,1,oracle_real_utility,4,0.04743924551317544,0.16607647194118846
15005,1,oracle_real_utility,8,0.2748475052856218,0.23935736919791342
15005,1,oracle_real_utility,16,0.6040297151652408,0.34543428885363847
15005,1,oracle_real_utility,32,1.0816107942735933,0.49933182109329827
15005,2,random,1,-0.23658359712494548,0.06706542276628685
15005,2,random,2,-0.2585029640829867,0.06015251749515314
15005,2,random,4,-0.2845798399735663,0.05192842173801923
15005,2,random,8,-0.3101995080052322,0.04384851968063673
15005,2,random,16,-0.3363185527186068,0.03561112476764971
15005,2,random,32,-0.36570976729919025,0.02634175660623935
15005,2,visual_wam,1,-0.2365835971249456,0.0670654227662868
15005,2,visual_wam,2,-0.16467329298178926,0.08974441351960728
15005,2,visual_wam,4,-0.07176990836384087,0.11904417835592582
15005,2,visual_wam,8,0.022950862918205518,0.14891710855208257
15005,2,visual_wam,16,0.05275840182619681,0.1583177766111108
15005,2,visual_wam,32,-0.02859407061631511,0.13266092545094127
15005,2,visual_success_head,1,-0.23658359712494562,0.0670654227662868
15005,2,visual_success_head,2,-0.18722478674301424,0.08263214880902811
15005,2,visual_success_head,4,-0.13495762068033504,0.09911610879170296
15005,2,visual_success_head,8,-0.11070159008025036,0.10676594841129983
15005,2,visual_success_head,16,-0.1210333708488984,0.10350752302554371
15005,2,visual_success_head,32,-0.1182710105090598,0.10437871311924463
15005,2,low_energy,1,-0.23658359712494553,0.06706542276628683
15005,2,low_energy,2,-0.2273428431349029,0.06997976135504708
15005,2,low_energy,4,-0.2123959804502325,0.0746936860791306
15005,2,low_energy,8,-0.22502812324322405,0.07070977510822779
15005,2,low_energy,16,-0.2808111387059491,0.053116990500434245
15005,2,low_energy,32,-0.3104779726580132,0.043760697811979714
15005,2,oracle_real_utility,1,-0.23658359712494564,0.06706542276628683
15005,2,oracle_real_utility,2,-0.12072152780441757,0.10360587173379264
15005,2,oracle_real_utility,4,0.043298950342806675,0.1553344654531409
15005,2,oracle_real_utility,8,0.2781604045131937,0.2294048064273351
15005,2,oracle_real_utility,16,0.6217971428256842,0.3377805740388236
15005,2,oracle_real_utility,32,1.1198011378454529,0.4948405132609669
15005,3,random,1,-0.2591780879624646,0.539319942420098
15005,3,random,2,-0.2741553798322437,0.5027906616905257
15005,3,random,4,-0.2945006948859948,0.45316889217492434
15005,3,random,8,-0.32372030832547466,0.3819029068806092
15005,3,random,16,-0.3590427395604604,0.29575228513587587
15005,3,random,32,-0.3889180886147384,0.22288697530641724
15005,3,visual_wam,1,-0.2591780879624646,0.5393199424200982
15005,3,visual_wam,2,-0.22894843840229978,0.6130493832790307
15005,3,visual_wam,4,-0.1944017481605806,0.6973079900478356
15005,3,visual_wam,8,-0.15608454981282,0.7907627819678849
15005,3,visual_wam,16,-0.11628475924693325,0.8878335832315651
15005,3,visual_wam,32,-0.08875627960406487,0.9549749309248505
15005,3,visual_success_head,1,-0.25917808796246455,0.5393199424200982
15005,3,visual_success_head,2,-0.24639617419245527,0.5704947449428416
15005,3,visual_success_head,4,-0.22977381406618413,0.6110363104488066
15005,3,visual_success_head,8,-0.21522900201151202,0.6465107825578836
15005,3,visual_success_head,16,-0.19491564202748923,0.6960546143713298
15005,3,visual_success_head,32,-0.14867135796312647,0.8088433915022456
15005,3,low_energy,1,-0.2591780879624645,0.5393199424200981
15005,3,low_energy,2,-0.231329185223704,0.6072427948956802
15005,3,low_energy,4,-0.2141587635551077,0.6491210702762167
15005,3,low_energy,8,-0.1995417124950483,0.6847717317077937
15005,3,low_energy,16,-0.18278313819134676,0.7256455205535965
15005,3,low_energy,32,-0.15663429532517856,0.7894219649279706
15005,3,oracle_real_utility,1,-0.25917808796246455,0.539319942420098
15005,3,oracle_real_utility,2,-0.1891962904344831,0.7100039853089164
15005,3,oracle_real_utility,4,-0.13235325245328058,0.8486428867866179
15005,3,oracle_real_utility,8,-0.09668862739652671,0.9356281116283582
15005,3,oracle_real_utility,16,-0.08025825107653241,0.9757014329139397
15005,3,oracle_real_utility,32,-0.0742933657293418,0.9902496552001663
15005,4,random,1,-0.23341477772885244,0.06397111887233904
15005,4,random,2,-0.270971070603907,0.05163716559333444
15005,4,random,4,-0.27994273429524363,0.048690759749391646
15005,4,random,8,-0.3027636129696276,0.041196099605694585
15005,4,random,16,-0.3385177996205027,0.02945398040485048
15005,4,random,32,-0.36606467219969896,0.020407245134549747
15005,4,visual_wam,1,-0.2334147777288524,0.06397111887233903
15005,4,visual_wam,2,-0.16318123965819292,0.08703668554220825
15005,4,visual_wam,4,-0.0760738724684896,0.11564382737990855
15005,4,visual_wam,8,0.02029175229331865,0.14729149605339725
15005,4,visual_wam,16,0.0803136018792723,0.16700341732782945
15005,4,visual_wam,32,0.009888036496144004,0.14387478650228963
15005,4,visual_success_head,1,-0.23341477772885247,0.06397111887233903
15005,4,visual_success_head,2,-0.18385732232637073,0.08024640305957462
15005,4,visual_success_head,4,-0.10158334959287814,0.1072661980949631
15005,4,visual_success_head,8,-0.005746434981972935,0.13874023178480024
15005,4,visual_success_head,16,0.06056512739700576,0.1605177729005096
15005,4,visual_success_head,32,0.0044330134920075315,0.1420832891600798
15005,4,low_energy,1,-0.23341477772885247,0.06397111887233903
15005,4,low_energy,2,-0.2710852508860996,0.05159966736978419
15005,4,low_energy,4,-0.292893201993447,0.044437665226396424
15005,4,low_energy,8,-0.30303324310813556,0.04110754971760972
15005,4,low_energy,16,-0.3172933593505476,0.03642435033815475
15005,4,low_energy,32,-0.33908915307725196,0.029266340829645663
15005,4,oracle_real_utility,1,-0.23341477772885244,0.06397111887233901
15005,4,oracle_real_utility,2,-0.12353132815380095,0.10005820919574929
15005,4,oracle_real_utility,4,0.029464139753489188,0.15030382207734877
15005,4,oracle_real_utility,8,0.24699332025801773,0.2217431081136204
15005,4,oracle_real_utility,16,0.571595933170323,0.3283466399164747
15005,4,oracle_real_utility,32,1.0535552180842631,0.4866280582206599
