env_id,task_index,seed,state_id,scorer,N,real_utility,normalized_real_utility,success
robocasa/OpenDrawer,0,1000324,0,random,1,-0.06707860251474523,0.4419937045509705,0.0
robocasa/OpenDrawer,0,1000324,0,random,2,-0.06705492590386206,0.44256317350219815,0.0
robocasa/OpenDrawer,0,1000324,0,random,4,-0.0699178085079025,0.3737052291766282,0.0
robocasa/OpenDrawer,0,1000324,0,random,8,-0.07603630533627631,0.22654337441886005,0.0
robocasa/OpenDrawer,0,1000324,0,learned_wam,1,-0.06707860251474522,0.44199370455097053,0.0
robocasa/OpenDrawer,0,1000324,0,learned_wam,2,-0.06364828739408948,0.5244995143469833,0.0
robocasa/OpenDrawer,0,1000324,0,learned_wam,4,-0.05972715098082697,0.618810539345472,0.0
robocasa/OpenDrawer,0,1000324,0,learned_wam,8,-0.05417089653307383,0.7524493615878256,0.0
robocasa/OpenDrawer,0,1000324,0,learned_physics_score,1,-0.06707860251474522,0.44199370455097053,0.0
robocasa/OpenDrawer,0,1000324,0,learned_physics_score,2,-0.06364828739408948,0.5244995143469833,0.0
robocasa/OpenDrawer,0,1000324,0,learned_physics_score,4,-0.05972715098082697,0.618810539345472,0.0
robocasa/OpenDrawer,0,1000324,0,learned_physics_score,8,-0.05417089653307383,0.7524493615878256,0.0
robocasa/OpenDrawer,0,1000324,0,learned_energy_regularized,1,-0.06707860251474523,0.4419937045509705,0.0
robocasa/OpenDrawer,0,1000324,0,learned_energy_regularized,2,-0.062250913550631407,0.5581090972823949,0.0
robocasa/OpenDrawer,0,1000324,0,learned_energy_regularized,4,-0.05631323606289394,0.7009218920846654,0.0
robocasa/OpenDrawer,0,1000324,0,learned_energy_regularized,8,-0.05053631906967069,0.8398680815411953,0.0
robocasa/OpenDrawer,0,1000324,0,predicted_progress,1,-0.06707860251474523,0.4419937045509704,0.0
robocasa/OpenDrawer,0,1000324,0,predicted_progress,2,-0.06415505011607249,0.5123108764869002,0.0
robocasa/OpenDrawer,0,1000324,0,predicted_progress,4,-0.06366227805201051,0.5241630115707799,0.0
robocasa/OpenDrawer,0,1000324,0,predicted_progress,8,-0.06781127801831312,0.42437142099586256,0.0
robocasa/OpenDrawer,0,1000324,0,predicted_success,1,-0.06707860251474522,0.4419937045509705,0.0
robocasa/OpenDrawer,0,1000324,0,predicted_success,2,-0.06707860251474522,0.4419937045509705,0.0
robocasa/OpenDrawer,0,1000324,0,predicted_success,4,-0.06707860251474522,0.4419937045509705,0.0
robocasa/OpenDrawer,0,1000324,0,predicted_success,8,-0.06707860251474522,0.4419937045509705,0.0
robocasa/OpenDrawer,0,1000324,0,low_energy,1,-0.06707860251474523,0.4419937045509705,0.0
robocasa/OpenDrawer,0,1000324,0,low_energy,2,-0.06163578983082579,0.5729040297717446,0.0
robocasa/OpenDrawer,0,1000324,0,low_energy,4,-0.056239083103805584,0.7027054162575658,0.0
robocasa/OpenDrawer,0,1000324,0,low_energy,8,-0.05053510477959462,0.8398972876002685,0.0
robocasa/OpenDrawer,0,1000324,0,distance_progress,1,-0.06707860251474522,0.4419937045509705,0.0
robocasa/OpenDrawer,0,1000324,0,distance_progress,2,-0.05985858339848547,0.6156493317972018,0.0
robocasa/OpenDrawer,0,1000324,0,distance_progress,4,-0.05327710629900434,0.7739467705592713,0.0
robocasa/OpenDrawer,0,1000324,0,distance_progress,8,-0.049604246925273474,0.862286245574795,0.0
robocasa/OpenDrawer,0,1000324,0,oracle_real_utility,1,-0.06707860251474523,0.4419937045509705,0.0
robocasa/OpenDrawer,0,1000324,0,oracle_real_utility,2,-0.05925002110730819,0.6302864490528608,0.0
robocasa/OpenDrawer,0,1000324,0,oracle_real_utility,4,-0.051961029920474106,0.8056009899370187,0.0
robocasa/OpenDrawer,0,1000324,0,oracle_real_utility,8,-0.04695735758846796,0.925949127990048,0.0
robocasa/OpenDrawer,0,1010331,1,random,1,-0.04554407397240652,0.3661613901082522,0.0
robocasa/OpenDrawer,0,1010331,1,random,2,-0.04410744787489207,0.40289969548749094,0.0
robocasa/OpenDrawer,0,1010331,1,random,4,-0.03974270034194849,0.5145177623219938,0.0
robocasa/OpenDrawer,0,1010331,1,random,8,-0.03240446221792989,0.7021757991711075,0.0
robocasa/OpenDrawer,0,1010331,1,learned_wam,1,-0.04554407397240653,0.3661613901082522,0.0
robocasa/OpenDrawer,0,1010331,1,learned_wam,2,-0.0402933462830789,0.5004362982750247,0.0
robocasa/OpenDrawer,0,1010331,1,learned_wam,4,-0.0343496049797852,0.6524333860861071,0.0
robocasa/OpenDrawer,0,1010331,1,learned_wam,8,-0.028005543853790442,0.8146677039747997,0.0
robocasa/OpenDrawer,0,1010331,1,learned_physics_score,1,-0.04554407397240653,0.3661613901082522,0.0
robocasa/OpenDrawer,0,1010331,1,learned_physics_score,2,-0.0402933462830789,0.5004362982750247,0.0
robocasa/OpenDrawer,0,1010331,1,learned_physics_score,4,-0.0343496049797852,0.6524333860861071,0.0
robocasa/OpenDrawer,0,1010331,1,learned_physics_score,8,-0.028005543853790442,0.8146677039747997,0.0
robocasa/OpenDrawer,0,1010331,1,learned_energy_regularized,1,-0.04554407397240652,0.3661613901082522,0.0
robocasa/OpenDrawer,0,1010331,1,learned_energy_regularized,2,-0.04198716838137612,0.45712081513504227,0.0
robocasa/OpenDrawer,0,1010331,1,learned_energy_regularized,4,-0.03866961166250281,0.541959460389909,0.0
robocasa/OpenDrawer,0,1010331,1,learned_energy_regularized,8,-0.032964887454545275,0.6878442528344304,0.0
robocasa/OpenDrawer,0,1010331,1,predicted_progress,1,-0.04554407397240653,0.3661613901082522,0.0
robocasa/OpenDrawer,0,1010331,1,predicted_progress,2,-0.04528764807399274,0.3727188743272637,0.0
robocasa/OpenDrawer,0,1010331,1,predicted_progress,4,-0.040690931505240384,0.49026899912090766,0.0
robocasa/OpenDrawer,0,1010331,1,predicted_progress,8,-0.036895900379413406,0.5873179199678606,0.0
robocasa/OpenDrawer,0,1010331,1,predicted_success,1,-0.04554407397240652,0.3661613901082522,0.0
robocasa/OpenDrawer,0,1010331,1,predicted_success,2,-0.04554407397240652,0.3661613901082522,0.0
robocasa/OpenDrawer,0,1010331,1,predicted_success,4,-0.04554407397240652,0.3661613901082522,0.0
robocasa/OpenDrawer,0,1010331,1,predicted_success,8,-0.04554407397240652,0.3661613901082522,0.0
robocasa/OpenDrawer,0,1010331,1,low_energy,1,-0.04554407397240652,0.3661613901082522,0.0
robocasa/OpenDrawer,0,1010331,1,low_energy,2,-0.042564947398674044,0.4423454870131795,0.0
robocasa/OpenDrawer,0,1010331,1,low_energy,4,-0.03916614050549321,0.5292619127851832,0.0
robocasa/OpenDrawer,0,1010331,1,low_energy,8,-0.03302293116495078,0.6863599225957476,0.0
robocasa/OpenDrawer,0,1010331,1,distance_progress,1,-0.04554407397240653,0.3661613901082522,0.0
robocasa/OpenDrawer,0,1010331,1,distance_progress,2,-0.03932274544056784,0.5252571129707974,0.0
robocasa/OpenDrawer,0,1010331,1,distance_progress,4,-0.033783775461450616,0.6669031341111005,0.0
robocasa/OpenDrawer,0,1010331,1,distance_progress,8,-0.031005153775300182,0.7379597940282383,0.0
robocasa/OpenDrawer,0,1010331,1,oracle_real_utility,1,-0.04554407397240653,0.36616139010825227,0.0
robocasa/OpenDrawer,0,1010331,1,oracle_real_utility,2,-0.038337112539343195,0.5504623369185351,0.0
robocasa/OpenDrawer,0,1010331,1,oracle_real_utility,4,-0.030674696119658357,0.7464104648665875,0.0
robocasa/OpenDrawer,0,1010331,1,oracle_real_utility,8,-0.024798689697957857,0.8966753937191888,0.0
robocasa/OpenCabinet,1,1100327,0,random,1,-0.04959164683500442,0.6124212129404266,0.0
robocasa/OpenCabinet,1,1100327,0,random,2,-0.04554639184006569,0.7458470107515491,0.0
robocasa/OpenCabinet,1,1100327,0,random,4,-0.04298023345705594,0.8304873436826405,0.0
robocasa/OpenCabinet,1,1100327,0,random,8,-0.041757231486771726,0.8708259660473395,0.0
robocasa/OpenCabinet,1,1100327,0,learned_wam,1,-0.04959164683500442,0.6124212129404266,0.0
robocasa/OpenCabinet,1,1100327,0,learned_wam,2,-0.046258306787737256,0.7223657172396225,0.0
robocasa/OpenCabinet,1,1100327,0,learned_wam,4,-0.04231112868669509,0.8525566169216134,0.0
robocasa/OpenCabinet,1,1100327,0,learned_wam,8,-0.040904539520113845,0.898950548077597,0.0
robocasa/OpenCabinet,1,1100327,0,learned_physics_score,1,-0.04959164683500442,0.6124212129404266,0.0
robocasa/OpenCabinet,1,1100327,0,learned_physics_score,2,-0.046258306787737256,0.7223657172396225,0.0
robocasa/OpenCabinet,1,1100327,0,learned_physics_score,4,-0.04231112868669509,0.8525566169216134,0.0
robocasa/OpenCabinet,1,1100327,0,learned_physics_score,8,-0.040904539520113845,0.898950548077597,0.0
robocasa/OpenCabinet,1,1100327,0,learned_energy_regularized,1,-0.04959164683500442,0.6124212129404266,0.0
robocasa/OpenCabinet,1,1100327,0,learned_energy_regularized,2,-0.0452949193644079,0.7541413990494827,0.0
robocasa/OpenCabinet,1,1100327,0,learned_energy_regularized,4,-0.042136087291389665,0.8583300571244733,0.0
robocasa/OpenCabinet,1,1100327,0,learned_energy_regularized,8,-0.039570423529766155,0.942954075817487,0.0
robocasa/OpenCabinet,1,1100327,0,predicted_progress,1,-0.049591646835004416,0.6124212129404266,0.0
robocasa/OpenCabinet,1,1100327,0,predicted_progress,2,-0.0493573777766494,0.6201481760249759,0.0
robocasa/OpenCabinet,1,1100327,0,predicted_progress,4,-0.04941556281167875,0.6182290424402764,0.0
robocasa/OpenCabinet,1,1100327,0,predicted_progress,8,-0.04820616116062763,0.6581190816015849,0.0
robocasa/OpenCabinet,1,1100327,0,predicted_success,1,-0.049591646835004416,0.6124212129404266,0.0
robocasa/OpenCabinet,1,1100327,0,predicted_success,2,-0.049591646835004416,0.6124212129404266,0.0
robocasa/OpenCabinet,1,1100327,0,predicted_success,4,-0.049591646835004416,0.6124212129404266,0.0
robocasa/OpenCabinet,1,1100327,0,predicted_success,8,-0.049591646835004416,0.6124212129404266,0.0
robocasa/OpenCabinet,1,1100327,0,low_energy,1,-0.04959164683500442,0.6124212129404266,0.0
robocasa/OpenCabinet,1,1100327,0,low_energy,2,-0.04532008519252087,0.7533113473722086,0.0
robocasa/OpenCabinet,1,1100327,0,low_energy,4,-0.042221415177335214,0.8555156631562155,0.0
robocasa/OpenCabinet,1,1100327,0,low_energy,8,-0.039704640863701936,0.9385271472597402,0.0
robocasa/OpenCabinet,1,1100327,0,distance_progress,1,-0.04959164683500442,0.6124212129404266,0.0
robocasa/OpenCabinet,1,1100327,0,distance_progress,2,-0.046414028717603,0.7172294964686157,0.0
robocasa/OpenCabinet,1,1100327,0,distance_progress,4,-0.04560580781444249,0.743887276743713,0.0
robocasa/OpenCabinet,1,1100327,0,distance_progress,8,-0.04629574354501145,0.7211309300103824,0.0
robocasa/OpenCabinet,1,1100327,0,oracle_real_utility,1,-0.04959164683500442,0.6124212129404266,0.0
robocasa/OpenCabinet,1,1100327,0,oracle_real_utility,2,-0.04426110677561079,0.7882399341529602,0.0
robocasa/OpenCabinet,1,1100327,0,oracle_real_utility,4,-0.04103131262861366,0.8947691545279327,0.0
robocasa/OpenCabinet,1,1100327,0,oracle_real_utility,8,-0.039295972157342166,0.9520063836131255,0.0
robocasa/OpenCabinet,1,1110334,1,random,1,-0.05375801272382107,0.45971580549409874,0.0
robocasa/OpenCabinet,1,1110334,1,random,2,-0.05350286996500729,0.46610363186428805,0.0
robocasa/OpenCabinet,1,1110334,1,random,4,-0.05365184957788668,0.46237373608282023,0.0
robocasa/OpenCabinet,1,1110334,1,random,8,-0.05289572415244492,0.48130430638104615,0.0
robocasa/OpenCabinet,1,1110334,1,learned_wam,1,-0.053758012723821066,0.45971580549409874,0.0
robocasa/OpenCabinet,1,1110334,1,learned_wam,2,-0.04682764904618485,0.6332263533177143,0.0
robocasa/OpenCabinet,1,1110334,1,learned_wam,4,-0.04136445706700617,0.7700043749721547,0.0
robocasa/OpenCabinet,1,1110334,1,learned_wam,8,-0.03693923757147874,0.8807954235554224,0.0
robocasa/OpenCabinet,1,1110334,1,learned_physics_score,1,-0.053758012723821066,0.45971580549409874,0.0
robocasa/OpenCabinet,1,1110334,1,learned_physics_score,2,-0.04682764904618485,0.6332263533177143,0.0
robocasa/OpenCabinet,1,1110334,1,learned_physics_score,4,-0.04136445706700617,0.7700043749721547,0.0
robocasa/OpenCabinet,1,1110334,1,learned_physics_score,8,-0.03693923757147874,0.8807954235554224,0.0
robocasa/OpenCabinet,1,1110334,1,learned_energy_regularized,1,-0.053758012723821066,0.45971580549409874,0.0
robocasa/OpenCabinet,1,1110334,1,learned_energy_regularized,2,-0.046975319286875455,0.6295292393492002,0.0
robocasa/OpenCabinet,1,1110334,1,learned_energy_regularized,4,-0.04158826977555287,0.7644009366136254,0.0
robocasa/OpenCabinet,1,1110334,1,learned_energy_regularized,8,-0.03701419087659184,0.8789188713806307,0.0
robocasa/OpenCabinet,1,1110334,1,predicted_progress,1,-0.05375801272382106,0.45971580549409874,0.0
robocasa/OpenCabinet,1,1110334,1,predicted_progress,2,-0.04772740486876487,0.6106998117182991,0.0
robocasa/OpenCabinet,1,1110334,1,predicted_progress,4,-0.04427887618898006,0.6970381524241069,0.0
robocasa/OpenCabinet,1,1110334,1,predicted_progress,8,-0.04399450304286991,0.7041577990491634,0.0
robocasa/OpenCabinet,1,1110334,1,predicted_success,1,-0.053758012723821066,0.4597158054940987,0.0
robocasa/OpenCabinet,1,1110334,1,predicted_success,2,-0.053758012723821066,0.4597158054940987,0.0
robocasa/OpenCabinet,1,1110334,1,predicted_success,4,-0.053758012723821066,0.4597158054940987,0.0
robocasa/OpenCabinet,1,1110334,1,predicted_success,8,-0.053758012723821066,0.4597158054940987,0.0
robocasa/OpenCabinet,1,1110334,1,low_energy,1,-0.05375801272382107,0.45971580549409874,0.0
robocasa/OpenCabinet,1,1110334,1,low_energy,2,-0.047188070537468846,0.6242027387847724,0.0
robocasa/OpenCabinet,1,1110334,1,low_energy,4,-0.0423096294845961,0.7463407706373623,0.0
robocasa/OpenCabinet,1,1110334,1,low_energy,8,-0.0381488606962363,0.8505109564192932,0.0
robocasa/OpenCabinet,1,1110334,1,distance_progress,1,-0.053758012723821066,0.45971580549409874,0.0
robocasa/OpenCabinet,1,1110334,1,distance_progress,2,-0.04952593246971311,0.5656713653290529,0.0
robocasa/OpenCabinet,1,1110334,1,distance_progress,4,-0.04568110400163902,0.6619315797729369,0.0
robocasa/OpenCabinet,1,1110334,1,distance_progress,8,-0.04481205056286873,0.6836894477958833,0.0
robocasa/OpenCabinet,1,1110334,1,oracle_real_utility,1,-0.053758012723821066,0.45971580549409874,0.0
robocasa/OpenCabinet,1,1110334,1,oracle_real_utility,2,-0.0467214348075317,0.635885563078213,0.0
robocasa/OpenCabinet,1,1110334,1,oracle_real_utility,4,-0.04113355606225101,0.7757852779220782,0.0
robocasa/OpenCabinet,1,1110334,1,oracle_real_utility,8,-0.03676005435892052,0.885281505212594,0.0
robocasa/OpenMicrowave,2,1200330,0,random,1,-0.055105965596077895,0.6077709436258314,0.0
robocasa/OpenMicrowave,2,1200330,0,random,2,-0.04926234179541938,0.714116796108613,0.0
robocasa/OpenMicrowave,2,1200330,0,random,4,-0.04210830028025072,0.8443104344366117,0.0
robocasa/OpenMicrowave,2,1200330,0,random,8,-0.03694101198551405,0.9383479182777419,0.0
robocasa/OpenMicrowave,2,1200330,0,learned_wam,1,-0.0551059655960779,0.6077709436258315,0.0
robocasa/OpenMicrowave,2,1200330,0,learned_wam,2,-0.04704943075479791,0.7543887094129789,0.0
robocasa/OpenMicrowave,2,1200330,0,learned_wam,4,-0.04232241229686063,0.840413892545838,0.0
robocasa/OpenMicrowave,2,1200330,0,learned_wam,8,-0.03894568948213715,0.9018655668116178,0.0
robocasa/OpenMicrowave,2,1200330,0,learned_physics_score,1,-0.0551059655960779,0.6077709436258315,0.0
robocasa/OpenMicrowave,2,1200330,0,learned_physics_score,2,-0.04704943075479791,0.7543887094129789,0.0
robocasa/OpenMicrowave,2,1200330,0,learned_physics_score,4,-0.04232241229686063,0.840413892545838,0.0
robocasa/OpenMicrowave,2,1200330,0,learned_physics_score,8,-0.03894568948213715,0.9018655668116178,0.0
robocasa/OpenMicrowave,2,1200330,0,learned_energy_regularized,1,-0.0551059655960779,0.6077709436258315,0.0
robocasa/OpenMicrowave,2,1200330,0,learned_energy_regularized,2,-0.04741936021980749,0.7476565059623547,0.0
robocasa/OpenMicrowave,2,1200330,0,learned_energy_regularized,4,-0.04292253136665469,0.829492557387125,0.0
robocasa/OpenMicrowave,2,1200330,0,learned_energy_regularized,8,-0.03915084727270092,0.8981319794221405,0.0
robocasa/OpenMicrowave,2,1200330,0,predicted_progress,1,-0.0551059655960779,0.6077709436258315,0.0
robocasa/OpenMicrowave,2,1200330,0,predicted_progress,2,-0.05725337464295652,0.5686910758058309,0.0
robocasa/OpenMicrowave,2,1200330,0,predicted_progress,4,-0.057860871049366165,0.5576354833475041,0.0
robocasa/OpenMicrowave,2,1200330,0,predicted_progress,8,-0.059519367315768845,0.5274531503796924,0.0
robocasa/OpenMicrowave,2,1200330,0,predicted_success,1,-0.0551059655960779,0.6077709436258315,0.0
robocasa/OpenMicrowave,2,1200330,0,predicted_success,2,-0.0551059655960779,0.6077709436258315,0.0
robocasa/OpenMicrowave,2,1200330,0,predicted_success,4,-0.0551059655960779,0.6077709436258315,0.0
robocasa/OpenMicrowave,2,1200330,0,predicted_success,8,-0.0551059655960779,0.6077709436258315,0.0
robocasa/OpenMicrowave,2,1200330,0,low_energy,1,-0.0551059655960779,0.6077709436258315,0.0
robocasa/OpenMicrowave,2,1200330,0,low_energy,2,-0.04741936021980749,0.7476565059623547,0.0
robocasa/OpenMicrowave,2,1200330,0,low_energy,4,-0.04292253136665469,0.829492557387125,0.0
robocasa/OpenMicrowave,2,1200330,0,low_energy,8,-0.03915084727270092,0.8981319794221405,0.0
robocasa/OpenMicrowave,2,1200330,0,distance_progress,1,-0.055105965596077895,0.6077709436258315,0.0
robocasa/OpenMicrowave,2,1200330,0,distance_progress,2,-0.04844277181936159,0.7290318335487947,0.0
robocasa/OpenMicrowave,2,1200330,0,distance_progress,4,-0.044166404227244875,0.8068557956358379,0.0
robocasa/OpenMicrowave,2,1200330,0,distance_progress,8,-0.042133262358210084,0.8438561592212854,0.0
robocasa/OpenMicrowave,2,1200330,0,oracle_real_utility,1,-0.055105965596077895,0.6077709436258314,0.0
robocasa/OpenMicrowave,2,1200330,0,oracle_real_utility,2,-0.046405991775414775,0.7660984068742425,0.0
robocasa/OpenMicrowave,2,1200330,0,oracle_real_utility,4,-0.0405596323308263,0.8724940442842787,0.0
robocasa/OpenMicrowave,2,1200330,0,oracle_real_utility,8,-0.03676370154593103,0.9415747224825964,0.0
robocasa/OpenMicrowave,2,1210337,1,random,1,-0.06127072249620247,0.624232091549363,0.0
robocasa/OpenMicrowave,2,1210337,1,random,2,-0.057857160119245944,0.7072680546118948,0.0
robocasa/OpenMicrowave,2,1210337,1,random,4,-0.05555742104156372,0.7632099206217202,0.0
robocasa/OpenMicrowave,2,1210337,1,random,8,-0.056094149176783084,0.7501538423406979,0.0
robocasa/OpenMicrowave,2,1210337,1,learned_wam,1,-0.061270722496202454,0.6242320915493629,0.0
robocasa/OpenMicrowave,2,1210337,1,learned_wam,2,-0.059275173417580304,0.6727744415297012,0.0
robocasa/OpenMicrowave,2,1210337,1,learned_wam,4,-0.05689066867064149,0.7307782587225122,0.0
robocasa/OpenMicrowave,2,1210337,1,learned_wam,8,-0.05804305453270275,0.702746115375181,0.0
robocasa/OpenMicrowave,2,1210337,1,learned_physics_score,1,-0.061270722496202454,0.6242320915493629,0.0
robocasa/OpenMicrowave,2,1210337,1,learned_physics_score,2,-0.059275173417580304,0.6727744415297012,0.0
robocasa/OpenMicrowave,2,1210337,1,learned_physics_score,4,-0.05689066867064149,0.7307782587225122,0.0
robocasa/OpenMicrowave,2,1210337,1,learned_physics_score,8,-0.05804305453270275,0.702746115375181,0.0
robocasa/OpenMicrowave,2,1210337,1,learned_energy_regularized,1,-0.06127072249620247,0.6242320915493629,0.0
robocasa/OpenMicrowave,2,1210337,1,learned_energy_regularized,2,-0.05552116164596935,0.7640919416603774,0.0
robocasa/OpenMicrowave,2,1210337,1,learned_energy_regularized,4,-0.051382884334968,0.864756820163401,0.0
robocasa/OpenMicrowave,2,1210337,1,learned_energy_regularized,8,-0.048048632856190876,0.9458635210404411,0.0
robocasa/OpenMicrowave,2,1210337,1,predicted_progress,1,-0.061270722496202454,0.6242320915493629,0.0
robocasa/OpenMicrowave,2,1210337,1,predicted_progress,2,-0.06489771782042661,0.536004305877911,0.0
robocasa/OpenMicrowave,2,1210337,1,predicted_progress,4,-0.0711747937084919,0.38331248893598235,0.0
robocasa/OpenMicrowave,2,1210337,1,predicted_progress,8,-0.07844991250494202,0.20634296884296843,0.0
robocasa/OpenMicrowave,2,1210337,1,predicted_success,1,-0.06127072249620246,0.6242320915493629,0.0
robocasa/OpenMicrowave,2,1210337,1,predicted_success,2,-0.06127072249620246,0.6242320915493629,0.0
robocasa/OpenMicrowave,2,1210337,1,predicted_success,4,-0.06127072249620246,0.6242320915493629,0.0
robocasa/OpenMicrowave,2,1210337,1,predicted_success,8,-0.06127072249620246,0.6242320915493629,0.0
robocasa/OpenMicrowave,2,1210337,1,low_energy,1,-0.06127072249620247,0.6242320915493629,0.0
robocasa/OpenMicrowave,2,1210337,1,low_energy,2,-0.055429417097624126,0.7663236562407255,0.0
robocasa/OpenMicrowave,2,1210337,1,low_energy,4,-0.05116642454121602,0.8700222717514099,0.0
robocasa/OpenMicrowave,2,1210337,1,low_energy,8,-0.0478799607644416,0.9499665219625044,0.0
robocasa/OpenMicrowave,2,1210337,1,distance_progress,1,-0.06127072249620247,0.6242320915493629,0.0
robocasa/OpenMicrowave,2,1210337,1,distance_progress,2,-0.05582008263234397,0.7568205959979177,0.0
robocasa/OpenMicrowave,2,1210337,1,distance_progress,4,-0.05231752336537765,0.8420214359999834,0.0
robocasa/OpenMicrowave,2,1210337,1,distance_progress,8,-0.049580854209962666,0.9085917616039392,0.0
robocasa/OpenMicrowave,2,1210337,1,oracle_real_utility,1,-0.061270722496202454,0.6242320915493629,0.0
robocasa/OpenMicrowave,2,1210337,1,oracle_real_utility,2,-0.05508050782187945,0.774810982539049,0.0
robocasa/OpenMicrowave,2,1210337,1,oracle_real_utility,4,-0.050614434768384495,0.8834495940986289,0.0
robocasa/OpenMicrowave,2,1210337,1,oracle_real_utility,8,-0.047390546873303324,0.9618716665883017,0.0
robocasa/TurnOnSinkFaucet,3,1300333,0,random,1,-0.05260889423225777,0.4181298925786456,0.0
robocasa/TurnOnSinkFaucet,3,1300333,0,random,2,-0.05198415919861282,0.4311610786985903,0.0
robocasa/TurnOnSinkFaucet,3,1300333,0,random,4,-0.0514168539505075,0.44299435180919267,0.0
robocasa/TurnOnSinkFaucet,3,1300333,0,random,8,-0.04967358059333793,0.47935683886659075,0.0
robocasa/TurnOnSinkFaucet,3,1300333,0,learned_wam,1,-0.05260889423225777,0.4181298925786456,0.0
robocasa/TurnOnSinkFaucet,3,1300333,0,learned_wam,2,-0.04564516225369061,0.5633845727470912,0.0
robocasa/TurnOnSinkFaucet,3,1300333,0,learned_wam,4,-0.03764900491140578,0.7301743459469974,0.0
robocasa/TurnOnSinkFaucet,3,1300333,0,learned_wam,8,-0.030897703687359404,0.8709979880742277,0.0
robocasa/TurnOnSinkFaucet,3,1300333,0,learned_physics_score,1,-0.05260889423225777,0.4181298925786456,0.0
robocasa/TurnOnSinkFaucet,3,1300333,0,learned_physics_score,2,-0.04564516225369061,0.5633845727470912,0.0
robocasa/TurnOnSinkFaucet,3,1300333,0,learned_physics_score,4,-0.03764900491140578,0.7301743459469974,0.0
robocasa/TurnOnSinkFaucet,3,1300333,0,learned_physics_score,8,-0.030897703687359404,0.8709979880742277,0.0
robocasa/TurnOnSinkFaucet,3,1300333,0,learned_energy_regularized,1,-0.05260889423225777,0.41812989257864563,0.0
robocasa/TurnOnSinkFaucet,3,1300333,0,learned_energy_regularized,2,-0.04626535763555624,0.5504480780468207,0.0
robocasa/TurnOnSinkFaucet,3,1300333,0,learned_energy_regularized,4,-0.040643193041081466,0.6677193519181079,0.0
robocasa/TurnOnSinkFaucet,3,1300333,0,learned_energy_regularized,8,-0.0370363166887075,0.7429542507602385,0.0
robocasa/TurnOnSinkFaucet,3,1300333,0,predicted_progress,1,-0.05260889423225777,0.41812989257864563,0.0
robocasa/TurnOnSinkFaucet,3,1300333,0,predicted_progress,2,-0.04900837970273285,0.4932320918071108,0.0
robocasa/TurnOnSinkFaucet,3,1300333,0,predicted_progress,4,-0.04543026852356774,0.5678669853579258,0.0
robocasa/TurnOnSinkFaucet,3,1300333,0,predicted_progress,8,-0.03873536498943357,0.707514242690961,0.0
robocasa/TurnOnSinkFaucet,3,1300333,0,predicted_success,1,-0.05260889423225777,0.41812989257864563,0.0
robocasa/TurnOnSinkFaucet,3,1300333,0,predicted_success,2,-0.05260889423225777,0.41812989257864563,0.0
robocasa/TurnOnSinkFaucet,3,1300333,0,predicted_success,4,-0.05260889423225777,0.41812989257864563,0.0
robocasa/TurnOnSinkFaucet,3,1300333,0,predicted_success,8,-0.05260889423225777,0.41812989257864563,0.0
robocasa/TurnOnSinkFaucet,3,1300333,0,low_energy,1,-0.05260889423225777,0.41812989257864563,0.0
robocasa/TurnOnSinkFaucet,3,1300333,0,low_energy,2,-0.04626535763555624,0.5504480780468207,0.0
robocasa/TurnOnSinkFaucet,3,1300333,0,low_energy,4,-0.040643193041081466,0.6677193519181079,0.0
robocasa/TurnOnSinkFaucet,3,1300333,0,low_energy,8,-0.0370363166887075,0.7429542507602385,0.0
robocasa/TurnOnSinkFaucet,3,1300333,0,distance_progress,1,-0.05260889423225777,0.41812989257864563,0.0
robocasa/TurnOnSinkFaucet,3,1300333,0,distance_progress,2,-0.04872459315476191,0.4991515218467067,0.0
robocasa/TurnOnSinkFaucet,3,1300333,0,distance_progress,4,-0.04453237575702005,0.5865958978192123,0.0
robocasa/TurnOnSinkFaucet,3,1300333,0,distance_progress,8,-0.04195817686999877,0.6402904451072285,0.0
robocasa/TurnOnSinkFaucet,3,1300333,0,oracle_real_utility,1,-0.05260889423225777,0.4181298925786456,0.0
robocasa/TurnOnSinkFaucet,3,1300333,0,oracle_real_utility,2,-0.04435609660464136,0.5902728589627397,0.0
robocasa/TurnOnSinkFaucet,3,1300333,0,oracle_real_utility,4,-0.036656824761809356,0.7508699744896632,0.0
robocasa/TurnOnSinkFaucet,3,1300333,0,oracle_real_utility,8,-0.030419145553239206,0.8809801081396729,0.0
robocasa/TurnOnSinkFaucet,3,1310340,1,random,1,-0.055409883216274845,0.6573015966085953,0.0
robocasa/TurnOnSinkFaucet,3,1310340,1,random,2,-0.05603399659173994,0.6469365443503533,0.0
robocasa/TurnOnSinkFaucet,3,1310340,1,random,4,-0.05500660321553676,0.6639991269719515,0.0
robocasa/TurnOnSinkFaucet,3,1310340,1,random,8,-0.05287956693360321,0.699324186623155,0.0
robocasa/TurnOnSinkFaucet,3,1310340,1,learned_wam,1,-0.055409883216274845,0.6573015966085953,0.0
robocasa/TurnOnSinkFaucet,3,1310340,1,learned_wam,2,-0.04877241736908594,0.7675342611739755,0.0
robocasa/TurnOnSinkFaucet,3,1310340,1,learned_wam,4,-0.048355001827480565,0.7744665495565438,0.0
robocasa/TurnOnSinkFaucet,3,1310340,1,learned_wam,8,-0.051252913001814074,0.7263390747378426,0.0
robocasa/TurnOnSinkFaucet,3,1310340,1,learned_physics_score,1,-0.055409883216274845,0.6573015966085953,0.0
robocasa/TurnOnSinkFaucet,3,1310340,1,learned_physics_score,2,-0.04877241736908594,0.7675342611739755,0.0
robocasa/TurnOnSinkFaucet,3,1310340,1,learned_physics_score,4,-0.048355001827480565,0.7744665495565438,0.0
robocasa/TurnOnSinkFaucet,3,1310340,1,learned_physics_score,8,-0.051252913001814074,0.7263390747378426,0.0
robocasa/TurnOnSinkFaucet,3,1310340,1,learned_energy_regularized,1,-0.055409883216274845,0.6573015966085953,0.0
robocasa/TurnOnSinkFaucet,3,1310340,1,learned_energy_regularized,2,-0.04799655319209543,0.7804195365997935,0.0
robocasa/TurnOnSinkFaucet,3,1310340,1,learned_energy_regularized,4,-0.04500669389950613,0.8300740529597178,0.0
robocasa/TurnOnSinkFaucet,3,1310340,1,learned_energy_regularized,8,-0.041910401541120565,0.8814961717014389,0.0
robocasa/TurnOnSinkFaucet,3,1310340,1,predicted_progress,1,-0.05540988321627485,0.6573015966085953,0.0
robocasa/TurnOnSinkFaucet,3,1310340,1,predicted_progress,2,-0.05828204051162768,0.6096018330231108,0.0
robocasa/TurnOnSinkFaucet,3,1310340,1,predicted_progress,4,-0.061950270131022805,0.5486811843157691,0.0
robocasa/TurnOnSinkFaucet,3,1310340,1,predicted_progress,8,-0.0642494607568658,0.5104970467449885,0.0
robocasa/TurnOnSinkFaucet,3,1310340,1,predicted_success,1,-0.05540988321627485,0.6573015966085953,0.0
robocasa/TurnOnSinkFaucet,3,1310340,1,predicted_success,2,-0.05540988321627485,0.6573015966085953,0.0
robocasa/TurnOnSinkFaucet,3,1310340,1,predicted_success,4,-0.05540988321627485,0.6573015966085953,0.0
robocasa/TurnOnSinkFaucet,3,1310340,1,predicted_success,8,-0.05540988321627485,0.6573015966085953,0.0
robocasa/TurnOnSinkFaucet,3,1310340,1,low_energy,1,-0.055409883216274845,0.6573015966085954,0.0
robocasa/TurnOnSinkFaucet,3,1310340,1,low_energy,2,-0.047561079644241784,0.7876517259070992,0.0
robocasa/TurnOnSinkFaucet,3,1310340,1,low_energy,4,-0.043870017044997225,0.8489515765970528,0.0
robocasa/TurnOnSinkFaucet,3,1310340,1,low_energy,8,-0.04073960844039563,0.9009402857833715,0.0
robocasa/TurnOnSinkFaucet,3,1310340,1,distance_progress,1,-0.055409883216274845,0.6573015966085953,0.0
robocasa/TurnOnSinkFaucet,3,1310340,1,distance_progress,2,-0.04816104307732794,0.7776877472752709,0.0
robocasa/TurnOnSinkFaucet,3,1310340,1,distance_progress,4,-0.04092275679977182,0.8978986231775494,0.0
robocasa/TurnOnSinkFaucet,3,1310340,1,distance_progress,8,-0.03671766359675581,0.9677353107306074,0.0
robocasa/TurnOnSinkFaucet,3,1310340,1,oracle_real_utility,1,-0.055409883216274845,0.6573015966085953,0.0
robocasa/TurnOnSinkFaucet,3,1310340,1,oracle_real_utility,2,-0.04591033486607228,0.8150667062029419,0.0
robocasa/TurnOnSinkFaucet,3,1310340,1,oracle_real_utility,4,-0.040081007856167576,0.9118780892998328,0.0
robocasa/TurnOnSinkFaucet,3,1310340,1,oracle_real_utility,8,-0.03660867723099903,0.9695453174071396,0.0
robocasa/CloseDrawer,4,1400336,0,random,1,-0.05288615628777867,0.38204394845841594,0.0
robocasa/CloseDrawer,4,1400336,0,random,2,-0.05170010236545007,0.42637057664048517,0.0
robocasa/CloseDrawer,4,1400336,0,random,4,-0.050806263280946805,0.45977620180429657,0.0
robocasa/CloseDrawer,4,1400336,0,random,8,-0.048854394905723665,0.5327237652329386,0.0
robocasa/CloseDrawer,4,1400336,0,learned_wam,1,-0.05288615628777867,0.38204394845841594,0.0
robocasa/CloseDrawer,4,1400336,0,learned_wam,2,-0.04900661935061171,0.5270346509003235,0.0
robocasa/CloseDrawer,4,1400336,0,learned_wam,4,-0.04457262438777512,0.692747222966985,0.0
robocasa/CloseDrawer,4,1400336,0,learned_wam,8,-0.04017183304087018,0.8572188697182,0.0
robocasa/CloseDrawer,4,1400336,0,learned_physics_score,1,-0.05288615628777867,0.38204394845841594,0.0
robocasa/CloseDrawer,4,1400336,0,learned_physics_score,2,-0.04900661935061171,0.5270346509003235,0.0
robocasa/CloseDrawer,4,1400336,0,learned_physics_score,4,-0.04457262438777512,0.692747222966985,0.0
robocasa/CloseDrawer,4,1400336,0,learned_physics_score,8,-0.04017183304087018,0.8572188697182,0.0
robocasa/CloseDrawer,4,1400336,0,learned_energy_regularized,1,-0.05288615628777867,0.38204394845841594,0.0
robocasa/CloseDrawer,4,1400336,0,learned_energy_regularized,2,-0.04965601650930132,0.5027646022509236,0.0
robocasa/CloseDrawer,4,1400336,0,learned_energy_regularized,4,-0.045616763063324475,0.6537244214144843,0.0
robocasa/CloseDrawer,4,1400336,0,learned_energy_regularized,8,-0.04154809148890584,0.8057836901196737,0.0
robocasa/CloseDrawer,4,1400336,0,predicted_progress,1,-0.05288615628777867,0.38204394845841594,0.0
robocasa/CloseDrawer,4,1400336,0,predicted_progress,2,-0.052073892105027886,0.4124008586600343,0.0
robocasa/CloseDrawer,4,1400336,0,predicted_progress,4,-0.05037237597192199,0.47599195815228906,0.0
robocasa/CloseDrawer,4,1400336,0,predicted_progress,8,-0.04757500515364844,0.5805386518688233,0.0
robocasa/CloseDrawer,4,1400336,0,predicted_success,1,-0.05288615628777867,0.38204394845841594,0.0
robocasa/CloseDrawer,4,1400336,0,predicted_success,2,-0.05288615628777867,0.38204394845841594,0.0
robocasa/CloseDrawer,4,1400336,0,predicted_success,4,-0.05288615628777867,0.38204394845841594,0.0
robocasa/CloseDrawer,4,1400336,0,predicted_success,8,-0.05288615628777867,0.38204394845841594,0.0
robocasa/CloseDrawer,4,1400336,0,low_energy,1,-0.05288615628777867,0.38204394845841594,0.0
robocasa/CloseDrawer,4,1400336,0,low_energy,2,-0.04965601650930132,0.5027646022509236,0.0
robocasa/CloseDrawer,4,1400336,0,low_energy,4,-0.045616763063324475,0.6537244214144843,0.0
robocasa/CloseDrawer,4,1400336,0,low_energy,8,-0.04154809148890584,0.8057836901196737,0.0
robocasa/CloseDrawer,4,1400336,0,distance_progress,1,-0.05288615628777867,0.382043948458416,0.0
robocasa/CloseDrawer,4,1400336,0,distance_progress,2,-0.05203940681666754,0.4136896841730423,0.0
robocasa/CloseDrawer,4,1400336,0,distance_progress,4,-0.052208592735441685,0.40736666531701976,0.0
robocasa/CloseDrawer,4,1400336,0,distance_progress,8,-0.052430514401353726,0.3990727429369015,0.0
robocasa/CloseDrawer,4,1400336,0,oracle_real_utility,1,-0.05288615628777867,0.38204394845841594,0.0
robocasa/CloseDrawer,4,1400336,0,oracle_real_utility,2,-0.048426335606180676,0.5487217102281093,0.0
robocasa/CloseDrawer,4,1400336,0,oracle_real_utility,4,-0.04383940879043561,0.7201498347274624,0.0
robocasa/CloseDrawer,4,1400336,0,oracle_real_utility,8,-0.039910715821669926,0.8669776552755222,0.0
robocasa/CloseDrawer,4,1410343,1,random,1,-0.05316609002670264,0.3959427612847937,0.0
robocasa/CloseDrawer,4,1410343,1,random,2,-0.051757502426200794,0.4409571731297315,0.0
robocasa/CloseDrawer,4,1410343,1,random,4,-0.04731402671368491,0.5829578876574645,0.0
robocasa/CloseDrawer,4,1410343,1,random,8,-0.041881339527667275,0.7565709581750424,0.0
robocasa/CloseDrawer,4,1410343,1,learned_wam,1,-0.05316609002670264,0.3959427612847937,0.0
robocasa/CloseDrawer,4,1410343,1,learned_wam,2,-0.04993610405758499,0.4991638308266745,0.0
robocasa/CloseDrawer,4,1410343,1,learned_wam,4,-0.0500376852422998,0.4959175880776825,0.0
robocasa/CloseDrawer,4,1410343,1,learned_wam,8,-0.051925782032676844,0.4355794404929268,0.0
robocasa/CloseDrawer,4,1410343,1,learned_physics_score,1,-0.05316609002670264,0.3959427612847937,0.0
robocasa/CloseDrawer,4,1410343,1,learned_physics_score,2,-0.04993610405758499,0.4991638308266745,0.0
robocasa/CloseDrawer,4,1410343,1,learned_physics_score,4,-0.0500376852422998,0.4959175880776825,0.0
robocasa/CloseDrawer,4,1410343,1,learned_physics_score,8,-0.051925782032676844,0.4355794404929268,0.0
robocasa/CloseDrawer,4,1410343,1,learned_energy_regularized,1,-0.053166090026702646,0.3959427612847937,0.0
robocasa/CloseDrawer,4,1410343,1,learned_energy_regularized,2,-0.0478555090920084,0.5656536669075831,0.0
robocasa/CloseDrawer,4,1410343,1,learned_energy_regularized,4,-0.04289055021060355,0.7243194849235254,0.0
robocasa/CloseDrawer,4,1410343,1,learned_energy_regularized,8,-0.03829689589443927,0.8711194760546572,0.0
robocasa/CloseDrawer,4,1410343,1,predicted_progress,1,-0.05316609002670264,0.3959427612847937,0.0
robocasa/CloseDrawer,4,1410343,1,predicted_progress,2,-0.050706726391794965,0.4745369555676019,0.0
robocasa/CloseDrawer,4,1410343,1,predicted_progress,4,-0.05065735754613025,0.4761146420034821,0.0
robocasa/CloseDrawer,4,1410343,1,predicted_progress,8,-0.05199752267697977,0.4332868156625489,0.0
robocasa/CloseDrawer,4,1410343,1,predicted_success,1,-0.05316609002670264,0.3959427612847937,0.0
robocasa/CloseDrawer,4,1410343,1,predicted_success,2,-0.05316609002670264,0.3959427612847937,0.0
robocasa/CloseDrawer,4,1410343,1,predicted_success,4,-0.05316609002670264,0.3959427612847937,0.0
robocasa/CloseDrawer,4,1410343,1,predicted_success,8,-0.05316609002670264,0.3959427612847937,0.0
robocasa/CloseDrawer,4,1410343,1,low_energy,1,-0.053166090026702646,0.3959427612847937,0.0
robocasa/CloseDrawer,4,1410343,1,low_energy,2,-0.04807793373522344,0.558545614493535,0.0
robocasa/CloseDrawer,4,1410343,1,low_energy,4,-0.043915788800422906,0.6915558058275222,0.0
robocasa/CloseDrawer,4,1410343,1,low_energy,8,-0.04123571322617025,0.777203319430499,0.0
robocasa/CloseDrawer,4,1410343,1,distance_progress,1,-0.053166090026702646,0.3959427612847937,0.0
robocasa/CloseDrawer,4,1410343,1,distance_progress,2,-0.04921803420467542,0.5221112798037838,0.0
robocasa/CloseDrawer,4,1410343,1,distance_progress,4,-0.044850520259380064,0.6616844745429602,0.0
robocasa/CloseDrawer,4,1410343,1,distance_progress,8,-0.0397617046629452,0.8243083972434355,0.0
robocasa/CloseDrawer,4,1410343,1,oracle_real_utility,1,-0.053166090026702646,0.3959427612847937,0.0
robocasa/CloseDrawer,4,1410343,1,oracle_real_utility,2,-0.04698206875694847,0.5935663100050803,0.0
robocasa/CloseDrawer,4,1410343,1,oracle_real_utility,4,-0.04122173233827806,0.7776501084305675,0.0
robocasa/CloseDrawer,4,1410343,1,oracle_real_utility,8,-0.03728994500144049,0.9032987329137449,0.0
robocasa/CloseCabinet,5,1500339,0,random,1,-0.05560265317416645,0.3718090612368731,0.0
robocasa/CloseCabinet,5,1500339,0,random,2,-0.05466541848263325,0.3922301278514439,0.0
robocasa/CloseCabinet,5,1500339,0,random,4,-0.04928703946751511,0.5094176766461491,0.0
robocasa/CloseCabinet,5,1500339,0,random,8,-0.0454289475290995,0.59348024196865,0.0
robocasa/CloseCabinet,5,1500339,0,learned_wam,1,-0.055602653174166454,0.3718090612368732,0.0
robocasa/CloseCabinet,5,1500339,0,learned_wam,2,-0.05031161163010419,0.487093645565482,0.0
robocasa/CloseCabinet,5,1500339,0,learned_wam,4,-0.04479102552549117,0.6073796930327964,0.0
robocasa/CloseCabinet,5,1500339,0,learned_wam,8,-0.03941020574923528,0.7246204226862921,0.0
robocasa/CloseCabinet,5,1500339,0,learned_physics_score,1,-0.055602653174166454,0.3718090612368732,0.0
robocasa/CloseCabinet,5,1500339,0,learned_physics_score,2,-0.05031161163010419,0.487093645565482,0.0
robocasa/CloseCabinet,5,1500339,0,learned_physics_score,4,-0.04479102552549117,0.6073796930327964,0.0
robocasa/CloseCabinet,5,1500339,0,learned_physics_score,8,-0.03941020574923528,0.7246204226862921,0.0
robocasa/CloseCabinet,5,1500339,0,learned_energy_regularized,1,-0.05560265317416646,0.37180906123687313,0.0
robocasa/CloseCabinet,5,1500339,0,learned_energy_regularized,2,-0.04694603679203367,0.5604249345003055,0.0
robocasa/CloseCabinet,5,1500339,0,learned_energy_regularized,4,-0.03857379829160671,0.7428446012868682,0.0
robocasa/CloseCabinet,5,1500339,0,learned_energy_regularized,8,-0.03231042994245483,0.8793148615590192,0.0
robocasa/CloseCabinet,5,1500339,0,predicted_progress,1,-0.05560265317416645,0.37180906123687313,0.0
robocasa/CloseCabinet,5,1500339,0,predicted_progress,2,-0.0573148766159821,0.33450204595007477,0.0
robocasa/CloseCabinet,5,1500339,0,predicted_progress,4,-0.06156448524992973,0.2419088654119791,0.0
robocasa/CloseCabinet,5,1500339,0,predicted_progress,8,-0.0682624594596308,0.09596913574274575,0.0
robocasa/CloseCabinet,5,1500339,0,predicted_success,1,-0.05560265317416646,0.37180906123687313,0.0
robocasa/CloseCabinet,5,1500339,0,predicted_success,2,-0.05560265317416646,0.37180906123687313,0.0
robocasa/CloseCabinet,5,1500339,0,predicted_success,4,-0.05560265317416646,0.37180906123687313,0.0
robocasa/CloseCabinet,5,1500339,0,predicted_success,8,-0.05560265317416646,0.37180906123687313,0.0
robocasa/CloseCabinet,5,1500339,0,low_energy,1,-0.05560265317416645,0.37180906123687313,0.0
robocasa/CloseCabinet,5,1500339,0,low_energy,2,-0.04682680532086525,0.563022825761992,0.0
robocasa/CloseCabinet,5,1500339,0,low_energy,4,-0.038527223498181544,0.7438594025609646,0.0
robocasa/CloseCabinet,5,1500339,0,low_energy,8,-0.032309054075754524,0.8793448398193134,0.0
robocasa/CloseCabinet,5,1500339,0,distance_progress,1,-0.055602653174166454,0.37180906123687313,0.0
robocasa/CloseCabinet,5,1500339,0,distance_progress,2,-0.04904066282975199,0.5147858878076503,0.0
robocasa/CloseCabinet,5,1500339,0,distance_progress,4,-0.04199104439586619,0.6683874658821729,0.0
robocasa/CloseCabinet,5,1500339,0,distance_progress,8,-0.03447630577707238,0.8321233788949917,0.0
robocasa/CloseCabinet,5,1500339,0,oracle_real_utility,1,-0.05560265317416645,0.37180906123687313,0.0
robocasa/CloseCabinet,5,1500339,0,oracle_real_utility,2,-0.04647454095739874,0.5706981861570722,0.0
robocasa/CloseCabinet,5,1500339,0,oracle_real_utility,4,-0.03771606454448452,0.7615334506708938,0.0
robocasa/CloseCabinet,5,1500339,0,oracle_real_utility,8,-0.03168286842286858,0.8929885717961503,0.0
robocasa/CloseCabinet,5,1510346,1,random,1,-0.0549855188140285,0.5048319547422673,0.0
robocasa/CloseCabinet,5,1510346,1,random,2,-0.05139106103497333,0.6655967066864897,0.0
robocasa/CloseCabinet,5,1510346,1,random,4,-0.0488237273704613,0.7804225817150787,0.0
robocasa/CloseCabinet,5,1510346,1,random,8,-0.04721479550160755,0.8523832357805213,0.0
robocasa/CloseCabinet,5,1510346,1,learned_wam,1,-0.0549855188140285,0.5048319547422674,0.0
robocasa/CloseCabinet,5,1510346,1,learned_wam,2,-0.05138450923167079,0.6658897408789781,0.0
robocasa/CloseCabinet,5,1510346,1,learned_wam,4,-0.048550396013994836,0.7926475264555506,0.0
robocasa/CloseCabinet,5,1510346,1,learned_wam,8,-0.04731982358279858,0.8476857780670821,0.0
robocasa/CloseCabinet,5,1510346,1,learned_physics_score,1,-0.0549855188140285,0.5048319547422674,0.0
robocasa/CloseCabinet,5,1510346,1,learned_physics_score,2,-0.05138450923167079,0.6658897408789781,0.0
robocasa/CloseCabinet,5,1510346,1,learned_physics_score,4,-0.048550396013994836,0.7926475264555506,0.0
robocasa/CloseCabinet,5,1510346,1,learned_physics_score,8,-0.04731982358279858,0.8476857780670821,0.0
robocasa/CloseCabinet,5,1510346,1,learned_energy_regularized,1,-0.054985518814028495,0.5048319547422673,0.0
robocasa/CloseCabinet,5,1510346,1,learned_energy_regularized,2,-0.050659159692025925,0.6983315293159855,0.0
robocasa/CloseCabinet,5,1510346,1,learned_energy_regularized,4,-0.04678992010063561,0.8713860986997819,0.0
robocasa/CloseCabinet,5,1510346,1,learned_energy_regularized,8,-0.04461964059166562,0.9684534363500525,0.0
robocasa/CloseCabinet,5,1510346,1,predicted_progress,1,-0.054985518814028495,0.5048319547422674,0.0
robocasa/CloseCabinet,5,1510346,1,predicted_progress,2,-0.055633950456653126,0.47583037548133744,0.0
robocasa/CloseCabinet,5,1510346,1,predicted_progress,4,-0.05500070118878686,0.504152911931923,0.0
robocasa/CloseCabinet,5,1510346,1,predicted_progress,8,-0.05248546966393626,0.6166484806741948,0.0
robocasa/CloseCabinet,5,1510346,1,predicted_success,1,-0.054985518814028495,0.5048319547422673,0.0
robocasa/CloseCabinet,5,1510346,1,predicted_success,2,-0.054985518814028495,0.5048319547422673,0.0
robocasa/CloseCabinet,5,1510346,1,predicted_success,4,-0.054985518814028495,0.5048319547422673,0.0
robocasa/CloseCabinet,5,1510346,1,predicted_success,8,-0.054985518814028495,0.5048319547422673,0.0
robocasa/CloseCabinet,5,1510346,1,low_energy,1,-0.0549855188140285,0.5048319547422673,0.0
robocasa/CloseCabinet,5,1510346,1,low_energy,2,-0.05181755400142079,0.6465214969687935,0.0
robocasa/CloseCabinet,5,1510346,1,low_energy,4,-0.04901813906361523,0.7717273766115251,0.0
robocasa/CloseCabinet,5,1510346,1,low_energy,8,-0.04590561436132433,0.9109373193739052,0.0
robocasa/CloseCabinet,5,1510346,1,distance_progress,1,-0.054985518814028495,0.5048319547422674,0.0
robocasa/CloseCabinet,5,1510346,1,distance_progress,2,-0.05503944774568835,0.5024199438483201,0.0
robocasa/CloseCabinet,5,1510346,1,distance_progress,4,-0.05750216232052868,0.3922732340884689,0.0
robocasa/CloseCabinet,5,1510346,1,distance_progress,8,-0.06074576731804844,0.24720062929399161,0.0
robocasa/CloseCabinet,5,1510346,1,oracle_real_utility,1,-0.054985518814028495,0.5048319547422673,0.0
robocasa/CloseCabinet,5,1510346,1,oracle_real_utility,2,-0.050167400018507835,0.7203258402215063,0.0
robocasa/CloseCabinet,5,1510346,1,oracle_real_utility,4,-0.046423518167836256,0.8877736930072202,0.0
robocasa/CloseCabinet,5,1510346,1,oracle_real_utility,8,-0.044505597390526695,0.9735541018937841,0.0
robocasa/CloseMicrowave,6,1600342,0,random,1,-0.05629093590537307,0.5609086498229346,0.0
robocasa/CloseMicrowave,6,1600342,0,random,2,-0.05438422811928881,0.6060394329136689,0.0
robocasa/CloseMicrowave,6,1600342,0,random,4,-0.053833280228203995,0.6190800833732288,0.0
robocasa/CloseMicrowave,6,1600342,0,random,8,-0.04961895586215372,0.7188309525028973,0.0
robocasa/CloseMicrowave,6,1600342,0,learned_wam,1,-0.05629093590537307,0.5609086498229346,0.0
robocasa/CloseMicrowave,6,1600342,0,learned_wam,2,-0.05213901531231281,0.6591824540539281,0.0
robocasa/CloseMicrowave,6,1600342,0,learned_wam,4,-0.052832439379580605,0.6427694664959203,0.0
robocasa/CloseMicrowave,6,1600342,0,learned_wam,8,-0.05452988648704031,0.6025917749933939,0.0
robocasa/CloseMicrowave,6,1600342,0,learned_physics_score,1,-0.05629093590537307,0.5609086498229346,0.0
robocasa/CloseMicrowave,6,1600342,0,learned_physics_score,2,-0.05213901531231281,0.6591824540539281,0.0
robocasa/CloseMicrowave,6,1600342,0,learned_physics_score,4,-0.052832439379580605,0.6427694664959203,0.0
robocasa/CloseMicrowave,6,1600342,0,learned_physics_score,8,-0.05452988648704031,0.6025917749933939,0.0
robocasa/CloseMicrowave,6,1600342,0,learned_energy_regularized,1,-0.05629093590537307,0.5609086498229346,0.0
robocasa/CloseMicrowave,6,1600342,0,learned_energy_regularized,2,-0.050463984697655076,0.6988295588133339,0.0
robocasa/CloseMicrowave,6,1600342,0,learned_energy_regularized,4,-0.048538766250086185,0.7443984796483127,0.0
robocasa/CloseMicrowave,6,1600342,0,learned_energy_regularized,8,-0.049866972474907525,0.7129605280808742,0.0
robocasa/CloseMicrowave,6,1600342,0,predicted_progress,1,-0.05629093590537307,0.5609086498229346,0.0
robocasa/CloseMicrowave,6,1600342,0,predicted_progress,2,-0.05203765245622323,0.661581660217045,0.0
robocasa/CloseMicrowave,6,1600342,0,predicted_progress,4,-0.05260057623951411,0.648257546608378,0.0
robocasa/CloseMicrowave,6,1600342,0,predicted_progress,8,-0.05394386646683623,0.6164625645352839,0.0
robocasa/CloseMicrowave,6,1600342,0,predicted_success,1,-0.056290935905373075,0.5609086498229346,0.0
robocasa/CloseMicrowave,6,1600342,0,predicted_success,2,-0.056290935905373075,0.5609086498229346,0.0
robocasa/CloseMicrowave,6,1600342,0,predicted_success,4,-0.056290935905373075,0.5609086498229346,0.0
robocasa/CloseMicrowave,6,1600342,0,predicted_success,8,-0.056290935905373075,0.5609086498229346,0.0
robocasa/CloseMicrowave,6,1600342,0,low_energy,1,-0.05629093590537307,0.5609086498229346,0.0
robocasa/CloseMicrowave,6,1600342,0,low_energy,2,-0.05013260553533815,0.7066731314910475,0.0
robocasa/CloseMicrowave,6,1600342,0,low_energy,4,-0.04765217556291125,0.7653836207827754,0.0
robocasa/CloseMicrowave,6,1600342,0,low_energy,8,-0.046926893966999145,0.7825506594993019,0.0
robocasa/CloseMicrowave,6,1600342,0,distance_progress,1,-0.05629093590537307,0.5609086498229346,0.0
robocasa/CloseMicrowave,6,1600342,0,distance_progress,2,-0.05038217186008406,0.7007660261909792,0.0
robocasa/CloseMicrowave,6,1600342,0,distance_progress,4,-0.04528411074262732,0.8214344852775981,0.0
robocasa/CloseMicrowave,6,1600342,0,distance_progress,8,-0.04125912055139912,0.9167039128156811,0.0
robocasa/CloseMicrowave,6,1600342,0,oracle_real_utility,1,-0.05629093590537307,0.5609086498229346,0.0
robocasa/CloseMicrowave,6,1600342,0,oracle_real_utility,2,-0.04863827977832635,0.7420430461149847,0.0
robocasa/CloseMicrowave,6,1600342,0,oracle_real_utility,4,-0.043613292121817505,0.8609818943300283,0.0
robocasa/CloseMicrowave,6,1600342,0,oracle_real_utility,8,-0.040478177521150446,0.9351884287764379,0.0
robocasa/CloseMicrowave,6,1610349,1,random,1,-0.05157315326532076,0.5767925718203875,0.0
robocasa/CloseMicrowave,6,1610349,1,random,2,-0.058172537087035785,0.4734759262617631,0.0
robocasa/CloseMicrowave,6,1610349,1,random,4,-0.06336284565493748,0.3922190566604986,0.0
robocasa/CloseMicrowave,6,1610349,1,random,8,-0.06857466365930587,0.3106254461022555,0.0
robocasa/CloseMicrowave,6,1610349,1,learned_wam,1,-0.05157315326532077,0.5767925718203873,0.0
robocasa/CloseMicrowave,6,1610349,1,learned_wam,2,-0.042198334242643645,0.7235600398611342,0.0
robocasa/CloseMicrowave,6,1610349,1,learned_wam,4,-0.03463934773547476,0.8418997441186503,0.0
robocasa/CloseMicrowave,6,1610349,1,learned_wam,8,-0.03045400881772649,0.9074233125592173,0.0
robocasa/CloseMicrowave,6,1610349,1,learned_physics_score,1,-0.05157315326532077,0.5767925718203873,0.0
robocasa/CloseMicrowave,6,1610349,1,learned_physics_score,2,-0.042198334242643645,0.7235600398611342,0.0
robocasa/CloseMicrowave,6,1610349,1,learned_physics_score,4,-0.03463934773547476,0.8418997441186503,0.0
robocasa/CloseMicrowave,6,1610349,1,learned_physics_score,8,-0.03045400881772649,0.9074233125592173,0.0
robocasa/CloseMicrowave,6,1610349,1,learned_energy_regularized,1,-0.05157315326532077,0.5767925718203873,0.0
robocasa/CloseMicrowave,6,1610349,1,learned_energy_regularized,2,-0.04003091251821242,0.75749210808579,0.0
robocasa/CloseMicrowave,6,1610349,1,learned_energy_regularized,4,-0.033210555961847577,0.8642681920284668,0.0
robocasa/CloseMicrowave,6,1610349,1,learned_energy_regularized,8,-0.02923140159866464,0.926563838420676,0.0
robocasa/CloseMicrowave,6,1610349,1,predicted_progress,1,-0.05157315326532076,0.5767925718203873,0.0
robocasa/CloseMicrowave,6,1610349,1,predicted_progress,2,-0.054084207534630654,0.5374807646987734,0.0
robocasa/CloseMicrowave,6,1610349,1,predicted_progress,4,-0.06043796517368331,0.43800951955019074,0.0
robocasa/CloseMicrowave,6,1610349,1,predicted_progress,8,-0.07180792945918196,0.26000705722427553,0.0
robocasa/CloseMicrowave,6,1610349,1,predicted_success,1,-0.05157315326532076,0.5767925718203873,0.0
robocasa/CloseMicrowave,6,1610349,1,predicted_success,2,-0.05157315326532076,0.5767925718203873,0.0
robocasa/CloseMicrowave,6,1610349,1,predicted_success,4,-0.05157315326532076,0.5767925718203873,0.0
robocasa/CloseMicrowave,6,1610349,1,predicted_success,8,-0.05157315326532076,0.5767925718203873,0.0
robocasa/CloseMicrowave,6,1610349,1,low_energy,1,-0.05157315326532077,0.5767925718203873,0.0
robocasa/CloseMicrowave,6,1610349,1,low_energy,2,-0.04003091251821242,0.75749210808579,0.0
robocasa/CloseMicrowave,6,1610349,1,low_energy,4,-0.033210555961847577,0.8642681920284668,0.0
robocasa/CloseMicrowave,6,1610349,1,low_energy,8,-0.02923140159866464,0.926563838420676,0.0
robocasa/CloseMicrowave,6,1610349,1,distance_progress,1,-0.05157315326532077,0.5767925718203873,0.0
robocasa/CloseMicrowave,6,1610349,1,distance_progress,2,-0.04007444107445178,0.7568106468254427,0.0
robocasa/CloseMicrowave,6,1610349,1,distance_progress,4,-0.03392853511191707,0.8530278702999248,0.0
robocasa/CloseMicrowave,6,1610349,1,distance_progress,8,-0.03230054742804375,0.8785148295452858,0.0
robocasa/CloseMicrowave,6,1610349,1,oracle_real_utility,1,-0.05157315326532077,0.5767925718203873,0.0
robocasa/CloseMicrowave,6,1610349,1,oracle_real_utility,2,-0.039742828657245904,0.76200220462794,0.0
robocasa/CloseMicrowave,6,1610349,1,oracle_real_utility,4,-0.032482113930288055,0.8756723153857109,0.0
robocasa/CloseMicrowave,6,1610349,1,oracle_real_utility,8,-0.028334125271022286,0.9406111468991026,0.0
robocasa/TurnOffSinkFaucet,7,1700345,0,random,1,-0.05380429677575732,0.46883809431848883,0.0
robocasa/TurnOffSinkFaucet,7,1700345,0,random,2,-0.05137078709213095,0.5007293221755057,0.0
robocasa/TurnOffSinkFaucet,7,1700345,0,random,4,-0.05090124191904154,0.5068827277710989,0.0
robocasa/TurnOffSinkFaucet,7,1700345,0,random,8,-0.0524307990671882,0.48683782889106497,0.0
robocasa/TurnOffSinkFaucet,7,1700345,0,learned_wam,1,-0.05380429677575732,0.4688380943184889,0.0
robocasa/TurnOffSinkFaucet,7,1700345,0,learned_wam,2,-0.044048376495763465,0.596689764150572,0.0
robocasa/TurnOffSinkFaucet,7,1700345,0,learned_wam,4,-0.035243567521211,0.712077087708094,0.0
robocasa/TurnOffSinkFaucet,7,1700345,0,learned_wam,8,-0.0259602454418707,0.8337353419136573,0.0
robocasa/TurnOffSinkFaucet,7,1700345,0,learned_physics_score,1,-0.05380429677575732,0.4688380943184889,0.0
robocasa/TurnOffSinkFaucet,7,1700345,0,learned_physics_score,2,-0.044048376495763465,0.596689764150572,0.0
robocasa/TurnOffSinkFaucet,7,1700345,0,learned_physics_score,4,-0.035243567521211,0.712077087708094,0.0
robocasa/TurnOffSinkFaucet,7,1700345,0,learned_physics_score,8,-0.0259602454418707,0.8337353419136573,0.0
robocasa/TurnOffSinkFaucet,7,1700345,0,learned_energy_regularized,1,-0.05380429677575732,0.46883809431848883,0.0
robocasa/TurnOffSinkFaucet,7,1700345,0,learned_energy_regularized,2,-0.043655314284570666,0.6018408579076564,0.0
robocasa/TurnOffSinkFaucet,7,1700345,0,learned_energy_regularized,4,-0.03466596041035928,0.7196466487038635,0.0
robocasa/TurnOffSinkFaucet,7,1700345,0,learned_energy_regularized,8,-0.025771983788727144,0.8362025173342181,0.0
robocasa/TurnOffSinkFaucet,7,1700345,0,predicted_progress,1,-0.05380429677575732,0.4688380943184889,0.0
robocasa/TurnOffSinkFaucet,7,1700345,0,predicted_progress,2,-0.051245368019991834,0.5023729434169235,0.0
robocasa/TurnOffSinkFaucet,7,1700345,0,predicted_progress,4,-0.046820455901890046,0.5603615684695145,0.0
robocasa/TurnOffSinkFaucet,7,1700345,0,predicted_progress,8,-0.03631124814146938,0.6980850965653093,0.0
robocasa/TurnOffSinkFaucet,7,1700345,0,predicted_success,1,-0.05380429677575732,0.4688380943184889,0.0
robocasa/TurnOffSinkFaucet,7,1700345,0,predicted_success,2,-0.05380429677575732,0.4688380943184889,0.0
robocasa/TurnOffSinkFaucet,7,1700345,0,predicted_success,4,-0.05380429677575732,0.4688380943184889,0.0
robocasa/TurnOffSinkFaucet,7,1700345,0,predicted_success,8,-0.05380429677575732,0.4688380943184889,0.0
robocasa/TurnOffSinkFaucet,7,1700345,0,low_energy,1,-0.053804296775757335,0.46883809431848883,0.0
robocasa/TurnOffSinkFaucet,7,1700345,0,low_energy,2,-0.0432187658359442,0.6075618402975959,0.0
robocasa/TurnOffSinkFaucet,7,1700345,0,low_energy,4,-0.033407946080472636,0.7361329696384988,0.0
robocasa/TurnOffSinkFaucet,7,1700345,0,low_energy,8,-0.023837823979212885,0.8615497479666374,0.0
robocasa/TurnOffSinkFaucet,7,1700345,0,distance_progress,1,-0.05380429677575732,0.4688380943184889,0.0
robocasa/TurnOffSinkFaucet,7,1700345,0,distance_progress,2,-0.0463434620019244,0.5666125898862622,0.0
robocasa/TurnOffSinkFaucet,7,1700345,0,distance_progress,4,-0.035185235268188716,0.7128415338843569,0.0
robocasa/TurnOffSinkFaucet,7,1700345,0,distance_progress,8,-0.024453880212428093,0.853476309903747,0.0
robocasa/TurnOffSinkFaucet,7,1700345,0,oracle_real_utility,1,-0.05380429677575732,0.46883809431848883,0.0
robocasa/TurnOffSinkFaucet,7,1700345,0,oracle_real_utility,2,-0.043125755948913165,0.6087807380567543,0.0
robocasa/TurnOffSinkFaucet,7,1700345,0,oracle_real_utility,4,-0.03325814477687067,0.7380961208593846,0.0
robocasa/TurnOffSinkFaucet,7,1700345,0,oracle_real_utility,8,-0.023747521352700265,0.8627331669838609,0.0
robocasa/TurnOffSinkFaucet,7,1710352,1,random,1,-0.033747769710505214,0.38751462770725464,0.0
robocasa/TurnOffSinkFaucet,7,1710352,1,random,2,-0.035523633111271505,0.32191535935535354,0.0
robocasa/TurnOffSinkFaucet,7,1710352,1,random,4,-0.03785521334444027,0.235788263468571,0.0
robocasa/TurnOffSinkFaucet,7,1710352,1,random,8,-0.038802359800741607,0.20080127374365525,0.0
robocasa/TurnOffSinkFaucet,7,1710352,1,learned_wam,1,-0.033747769710505214,0.3875146277072546,0.0
robocasa/TurnOffSinkFaucet,7,1710352,1,learned_wam,2,-0.03106402456237778,0.4866504723246717,0.0
robocasa/TurnOffSinkFaucet,7,1710352,1,learned_wam,4,-0.027361386565608235,0.623423572921949,0.0
robocasa/TurnOffSinkFaucet,7,1710352,1,learned_wam,8,-0.02329886339829854,0.773490603597377,0.0
robocasa/TurnOffSinkFaucet,7,1710352,1,learned_physics_score,1,-0.033747769710505214,0.3875146277072546,0.0
robocasa/TurnOffSinkFaucet,7,1710352,1,learned_physics_score,2,-0.03106402456237778,0.4866504723246717,0.0
robocasa/TurnOffSinkFaucet,7,1710352,1,learned_physics_score,4,-0.027361386565608235,0.623423572921949,0.0
robocasa/TurnOffSinkFaucet,7,1710352,1,learned_physics_score,8,-0.02329886339829854,0.773490603597377,0.0
robocasa/TurnOffSinkFaucet,7,1710352,1,learned_energy_regularized,1,-0.033747769710505214,0.3875146277072546,0.0
robocasa/TurnOffSinkFaucet,7,1710352,1,learned_energy_regularized,2,-0.03292298380543641,0.41798169623072756,0.0
robocasa/TurnOffSinkFaucet,7,1710352,1,learned_energy_regularized,4,-0.029920350580347956,0.5288970642764448,0.0
robocasa/TurnOffSinkFaucet,7,1710352,1,learned_energy_regularized,8,-0.024396705111953416,0.7329370265875227,0.0
robocasa/TurnOffSinkFaucet,7,1710352,1,predicted_progress,1,-0.03374776971050521,0.3875146277072546,0.0
robocasa/TurnOffSinkFaucet,7,1710352,1,predicted_progress,2,-0.03002703290135627,0.5249562869614733,0.0
robocasa/TurnOffSinkFaucet,7,1710352,1,predicted_progress,4,-0.025627564640533063,0.6874698558107896,0.0
robocasa/TurnOffSinkFaucet,7,1710352,1,predicted_progress,8,-0.02135252089809369,0.8453872618203881,0.0
robocasa/TurnOffSinkFaucet,7,1710352,1,predicted_success,1,-0.03374776971050522,0.3875146277072546,0.0
robocasa/TurnOffSinkFaucet,7,1710352,1,predicted_success,2,-0.03374776971050522,0.3875146277072546,0.0
robocasa/TurnOffSinkFaucet,7,1710352,1,predicted_success,4,-0.03374776971050522,0.3875146277072546,0.0
robocasa/TurnOffSinkFaucet,7,1710352,1,predicted_success,8,-0.03374776971050522,0.3875146277072546,0.0
robocasa/TurnOffSinkFaucet,7,1710352,1,low_energy,1,-0.033747769710505214,0.3875146277072546,0.0
robocasa/TurnOffSinkFaucet,7,1710352,1,low_energy,2,-0.03292298380543641,0.41798169623072756,0.0
robocasa/TurnOffSinkFaucet,7,1710352,1,low_energy,4,-0.029920350580347956,0.5288970642764448,0.0
robocasa/TurnOffSinkFaucet,7,1710352,1,low_energy,8,-0.024396705111953416,0.7329370265875227,0.0
robocasa/TurnOffSinkFaucet,7,1710352,1,distance_progress,1,-0.033747769710505214,0.3875146277072546,0.0
robocasa/TurnOffSinkFaucet,7,1710352,1,distance_progress,2,-0.02987507810640511,0.5305694007668806,0.0
robocasa/TurnOffSinkFaucet,7,1710352,1,distance_progress,4,-0.026417401062785124,0.658293799029023,0.0
robocasa/TurnOffSinkFaucet,7,1710352,1,distance_progress,8,-0.024837977604875307,0.7166367004098423,0.0
robocasa/TurnOffSinkFaucet,7,1710352,1,oracle_real_utility,1,-0.033747769710505214,0.3875146277072546,0.0
robocasa/TurnOffSinkFaucet,7,1710352,1,oracle_real_utility,2,-0.029395563772587292,0.5482823563067748,0.0
robocasa/TurnOffSinkFaucet,7,1710352,1,oracle_real_utility,4,-0.024984080397980404,0.7112397558432003,0.0
robocasa/TurnOffSinkFaucet,7,1710352,1,oracle_real_utility,8,-0.020992269131358654,0.8586947337296018,0.0
robocasa/TurnOnStove,8,1800348,0,random,1,-0.0645449557138235,0.5152525956993292,0.0
robocasa/TurnOnStove,8,1800348,0,random,2,-0.05827612324491465,0.6605985397434105,0.0
robocasa/TurnOnStove,8,1800348,0,random,4,-0.05217831370708953,0.8019792335603027,0.0
robocasa/TurnOnStove,8,1800348,0,random,8,-0.049658875181558045,0.8603936468933394,0.0
robocasa/TurnOnStove,8,1800348,0,learned_wam,1,-0.0645449557138235,0.5152525956993292,0.0
robocasa/TurnOnStove,8,1800348,0,learned_wam,2,-0.05699694990693677,0.6902567986499173,0.0
robocasa/TurnOnStove,8,1800348,0,learned_wam,4,-0.05196841234727953,0.8068458991553769,0.0
robocasa/TurnOnStove,8,1800348,0,learned_wam,8,-0.049894266866279416,0.8549359756593992,0.0
robocasa/TurnOnStove,8,1800348,0,learned_physics_score,1,-0.0645449557138235,0.5152525956993292,0.0
robocasa/TurnOnStove,8,1800348,0,learned_physics_score,2,-0.05699694990693677,0.6902567986499173,0.0
robocasa/TurnOnStove,8,1800348,0,learned_physics_score,4,-0.05196841234727953,0.8068458991553769,0.0
robocasa/TurnOnStove,8,1800348,0,learned_physics_score,8,-0.049894266866279416,0.8549359756593992,0.0
robocasa/TurnOnStove,8,1800348,0,learned_energy_regularized,1,-0.0645449557138235,0.5152525956993292,0.0
robocasa/TurnOnStove,8,1800348,0,learned_energy_regularized,2,-0.0577106802109951,0.6737086127874414,0.0
robocasa/TurnOnStove,8,1800348,0,learned_energy_regularized,4,-0.05429934972374294,0.7528019770741923,0.0
robocasa/TurnOnStove,8,1800348,0,learned_energy_regularized,8,-0.05339901868618607,0.7736765921249065,0.0
robocasa/TurnOnStove,8,1800348,0,predicted_progress,1,-0.0645449557138235,0.5152525956993292,0.0
robocasa/TurnOnStove,8,1800348,0,predicted_progress,2,-0.057677024323383036,0.674488940987609,0.0
robocasa/TurnOnStove,8,1800348,0,predicted_progress,4,-0.051735124982587394,0.8122547807011673,0.0
robocasa/TurnOnStove,8,1800348,0,predicted_progress,8,-0.04733062938948136,0.9143751632752803,0.0
robocasa/TurnOnStove,8,1800348,0,predicted_success,1,-0.0645449557138235,0.5152525956993292,0.0
robocasa/TurnOnStove,8,1800348,0,predicted_success,2,-0.0645449557138235,0.5152525956993292,0.0
robocasa/TurnOnStove,8,1800348,0,predicted_success,4,-0.0645449557138235,0.5152525956993292,0.0
robocasa/TurnOnStove,8,1800348,0,predicted_success,8,-0.0645449557138235,0.5152525956993292,0.0
robocasa/TurnOnStove,8,1800348,0,low_energy,1,-0.0645449557138235,0.5152525956993292,0.0
robocasa/TurnOnStove,8,1800348,0,low_energy,2,-0.06192554217792513,0.5759849785003105,0.0
robocasa/TurnOnStove,8,1800348,0,low_energy,4,-0.05804567566143927,0.6659415795740374,0.0
robocasa/TurnOnStove,8,1800348,0,low_energy,8,-0.0542341764250568,0.7543130518510324,0.0
robocasa/TurnOnStove,8,1800348,0,distance_progress,1,-0.0645449557138235,0.5152525956993292,0.0
robocasa/TurnOnStove,8,1800348,0,distance_progress,2,-0.05593920054492146,0.7147812344753492,0.0
robocasa/TurnOnStove,8,1800348,0,distance_progress,4,-0.04918610106514645,0.8713551458024674,0.0
robocasa/TurnOnStove,8,1800348,0,distance_progress,8,-0.04538556794804758,0.9594723632452999,0.0
robocasa/TurnOnStove,8,1800348,0,oracle_real_utility,1,-0.0645449557138235,0.5152525956993292,0.0
robocasa/TurnOnStove,8,1800348,0,oracle_real_utility,2,-0.0558235573955835,0.7174624774015432,0.0
robocasa/TurnOnStove,8,1800348,0,oracle_real_utility,4,-0.04901082941693109,0.8754189046124801,0.0
robocasa/TurnOnStove,8,1800348,0,oracle_real_utility,8,-0.045326870703321545,0.9608332875465642,0.0
robocasa/TurnOnStove,8,1810355,1,random,1,-0.046394486108542715,0.5265949079878903,0.0
robocasa/TurnOnStove,8,1810355,1,random,2,-0.046766072517989365,0.5185390727204616,0.0
robocasa/TurnOnStove,8,1810355,1,random,4,-0.0535430495163184,0.37161709462392445,0.0
robocasa/TurnOnStove,8,1810355,1,random,8,-0.0626188873444083,0.1748567917757476,0.0
robocasa/TurnOnStove,8,1810355,1,learned_wam,1,-0.046394486108542715,0.5265949079878904,0.0
robocasa/TurnOnStove,8,1810355,1,learned_wam,2,-0.038699703023567615,0.6934145315674106,0.0
robocasa/TurnOnStove,8,1810355,1,learned_wam,4,-0.033840584032522,0.7987581640080841,0.0
robocasa/TurnOnStove,8,1810355,1,learned_wam,8,-0.02979546009669485,0.8864547299612979,0.0
robocasa/TurnOnStove,8,1810355,1,learned_physics_score,1,-0.046394486108542715,0.5265949079878904,0.0
robocasa/TurnOnStove,8,1810355,1,learned_physics_score,2,-0.038699703023567615,0.6934145315674106,0.0
robocasa/TurnOnStove,8,1810355,1,learned_physics_score,4,-0.033840584032522,0.7987581640080841,0.0
robocasa/TurnOnStove,8,1810355,1,learned_physics_score,8,-0.02979546009669485,0.8864547299612979,0.0
robocasa/TurnOnStove,8,1810355,1,learned_energy_regularized,1,-0.046394486108542715,0.5265949079878904,0.0
robocasa/TurnOnStove,8,1810355,1,learned_energy_regularized,2,-0.03992451162641042,0.6668612021457982,0.0
robocasa/TurnOnStove,8,1810355,1,learned_energy_regularized,4,-0.035898581460088806,0.7541416553420148,0.0
robocasa/TurnOnStove,8,1810355,1,learned_energy_regularized,8,-0.035158555973741026,0.7701850930463003,0.0
robocasa/TurnOnStove,8,1810355,1,predicted_progress,1,-0.04639448610854271,0.5265949079878903,0.0
robocasa/TurnOnStove,8,1810355,1,predicted_progress,2,-0.04022054720427641,0.6604432767643565,0.0
robocasa/TurnOnStove,8,1810355,1,predicted_progress,4,-0.03689306690345466,0.7325816340281531,0.0
robocasa/TurnOnStove,8,1810355,1,predicted_progress,8,-0.03440067429801498,0.7866156453394898,0.0
robocasa/TurnOnStove,8,1810355,1,predicted_success,1,-0.046394486108542715,0.5265949079878903,0.0
robocasa/TurnOnStove,8,1810355,1,predicted_success,2,-0.046394486108542715,0.5265949079878903,0.0
robocasa/TurnOnStove,8,1810355,1,predicted_success,4,-0.046394486108542715,0.5265949079878903,0.0
robocasa/TurnOnStove,8,1810355,1,predicted_success,8,-0.046394486108542715,0.5265949079878903,0.0
robocasa/TurnOnStove,8,1810355,1,low_energy,1,-0.046394486108542715,0.5265949079878903,0.0
robocasa/TurnOnStove,8,1810355,1,low_energy,2,-0.04093869073969408,0.6448742304466812,0.0
robocasa/TurnOnStove,8,1810355,1,low_energy,4,-0.036770141635566946,0.7352466015380861,0.0
robocasa/TurnOnStove,8,1810355,1,low_energy,8,-0.035260440460696,0.7679762807153057,0.0
robocasa/TurnOnStove,8,1810355,1,distance_progress,1,-0.04639448610854271,0.5265949079878903,0.0
robocasa/TurnOnStove,8,1810355,1,distance_progress,2,-0.039936453651066,0.6666023041319331,0.0
robocasa/TurnOnStove,8,1810355,1,distance_progress,4,-0.03693668813166958,0.7316359443588631,0.0
robocasa/TurnOnStove,8,1810355,1,distance_progress,8,-0.035378325115226844,0.7654205915584487,0.0
robocasa/TurnOnStove,8,1810355,1,oracle_real_utility,1,-0.04639448610854271,0.5265949079878904,0.0
robocasa/TurnOnStove,8,1810355,1,oracle_real_utility,2,-0.03744798512568641,0.7205512430570454,0.0
robocasa/TurnOnStove,8,1810355,1,oracle_real_utility,4,-0.031094975546880094,0.8582817878729148,0.0
robocasa/TurnOnStove,8,1810355,1,oracle_real_utility,8,-0.0275025153465677,0.9361647966234417,0.0
robocasa/TurnOffStove,9,1900351,0,random,1,-0.059757156564581144,0.3183565729304553,0.0
robocasa/TurnOffStove,9,1900351,0,random,2,-0.052451500953395874,0.4402489510024609,0.0
robocasa/TurnOffStove,9,1900351,0,random,4,-0.04386972896217296,0.5834328966678358,0.0
robocasa/TurnOffStove,9,1900351,0,random,8,-0.03400268868052181,0.7480611064374452,0.0
robocasa/TurnOffStove,9,1900351,0,learned_wam,1,-0.05975715656458115,0.3183565729304553,0.0
robocasa/TurnOffStove,9,1900351,0,learned_wam,2,-0.05246912733509049,0.43995486082138646,0.0
robocasa/TurnOffStove,9,1900351,0,learned_wam,4,-0.04335703030547027,0.5919870993056022,0.0
robocasa/TurnOffStove,9,1900351,0,learned_wam,8,-0.03308212915550179,0.7634203288855619,0.0
robocasa/TurnOffStove,9,1900351,0,learned_physics_score,1,-0.05975715656458115,0.3183565729304553,0.0
robocasa/TurnOffStove,9,1900351,0,learned_physics_score,2,-0.05246912733509049,0.43995486082138646,0.0
robocasa/TurnOffStove,9,1900351,0,learned_physics_score,4,-0.04335703030547027,0.5919870993056022,0.0
robocasa/TurnOffStove,9,1900351,0,learned_physics_score,8,-0.03308212915550179,0.7634203288855619,0.0
robocasa/TurnOffStove,9,1900351,0,learned_energy_regularized,1,-0.05975715656458115,0.3183565729304553,0.0
robocasa/TurnOffStove,9,1900351,0,learned_energy_regularized,2,-0.0531567974734711,0.42848131854709914,0.0
robocasa/TurnOffStove,9,1900351,0,learned_energy_regularized,4,-0.044436705701089756,0.5739730826968258,0.0
robocasa/TurnOffStove,9,1900351,0,learned_energy_regularized,8,-0.033425992235319196,0.7576830904006358,0.0
robocasa/TurnOffStove,9,1900351,0,predicted_progress,1,-0.059757156564581144,0.3183565729304552,0.0
robocasa/TurnOffStove,9,1900351,0,predicted_progress,2,-0.0638223438983671,0.25053030547477184,0.0
robocasa/TurnOffStove,9,1900351,0,predicted_progress,4,-0.06704369854488246,0.19678309928620122,0.0
robocasa/TurnOffStove,9,1900351,0,predicted_progress,8,-0.06861794718845937,0.17051729631727539,0.0
robocasa/TurnOffStove,9,1900351,0,predicted_success,1,-0.05975715656458115,0.3183565729304553,0.0
robocasa/TurnOffStove,9,1900351,0,predicted_success,2,-0.05975715656458115,0.3183565729304553,0.0
robocasa/TurnOffStove,9,1900351,0,predicted_success,4,-0.05975715656458115,0.3183565729304553,0.0
robocasa/TurnOffStove,9,1900351,0,predicted_success,8,-0.05975715656458115,0.3183565729304553,0.0
robocasa/TurnOffStove,9,1900351,0,low_energy,1,-0.05975715656458115,0.3183565729304553,0.0
robocasa/TurnOffStove,9,1900351,0,low_energy,2,-0.05319366638913288,0.42786617323418985,0.0
robocasa/TurnOffStove,9,1900351,0,low_energy,4,-0.04452369329897927,0.5725217242241804,0.0
robocasa/TurnOffStove,9,1900351,0,low_energy,8,-0.033493775632124426,0.7565521474887172,0.0
robocasa/TurnOffStove,9,1900351,0,distance_progress,1,-0.05975715656458115,0.3183565729304552,0.0
robocasa/TurnOffStove,9,1900351,0,distance_progress,2,-0.053010562729854944,0.43092119548693636,0.0
robocasa/TurnOffStove,9,1900351,0,distance_progress,4,-0.04646959095212503,0.5400550839867834,0.0
robocasa/TurnOffStove,9,1900351,0,distance_progress,8,-0.04262175345951101,0.6042549432973227,0.0
robocasa/TurnOffStove,9,1900351,0,oracle_real_utility,1,-0.059757156564581144,0.3183565729304552,0.0
robocasa/TurnOffStove,9,1900351,0,oracle_real_utility,2,-0.05075486982702356,0.46855666405532875,0.0
robocasa/TurnOffStove,9,1900351,0,oracle_real_utility,4,-0.04036936917580565,0.6418352086813783,0.0
robocasa/TurnOffStove,9,1900351,0,oracle_real_utility,8,-0.029940170867669237,0.8158428338446783,0.0
robocasa/TurnOffStove,9,1910358,1,random,1,-0.05566971752944131,0.3787794957096157,0.0
robocasa/TurnOffStove,9,1910358,1,random,2,-0.05376962795706967,0.4258234141487761,0.0
robocasa/TurnOffStove,9,1910358,1,random,4,-0.04966653274495758,0.5274110862845591,0.0
robocasa/TurnOffStove,9,1910358,1,random,8,-0.042551245140692945,0.7035769968781276,0.0
robocasa/TurnOffStove,9,1910358,1,learned_wam,1,-0.055669717529441304,0.3787794957096157,0.0
robocasa/TurnOffStove,9,1910358,1,learned_wam,2,-0.04797883819979466,0.5691963608775671,0.0
robocasa/TurnOffStove,9,1910358,1,learned_wam,4,-0.03999128380612399,0.7669585416126463,0.0
robocasa/TurnOffStove,9,1910358,1,learned_wam,8,-0.03400404948888694,0.9151952179208465,0.0
robocasa/TurnOffStove,9,1910358,1,learned_physics_score,1,-0.055669717529441304,0.3787794957096157,0.0
robocasa/TurnOffStove,9,1910358,1,learned_physics_score,2,-0.04797883819979466,0.5691963608775671,0.0
robocasa/TurnOffStove,9,1910358,1,learned_physics_score,4,-0.03999128380612399,0.7669585416126463,0.0
robocasa/TurnOffStove,9,1910358,1,learned_physics_score,8,-0.03400404948888694,0.9151952179208465,0.0
robocasa/TurnOffStove,9,1910358,1,learned_energy_regularized,1,-0.05566971752944131,0.3787794957096157,0.0
robocasa/TurnOffStove,9,1910358,1,learned_energy_regularized,2,-0.048650630292471346,0.5525636016247979,0.0
robocasa/TurnOffStove,9,1910358,1,learned_energy_regularized,4,-0.04073197999464479,0.74861980033032,0.0
robocasa/TurnOffStove,9,1910358,1,learned_energy_regularized,8,-0.034425520367801374,0.9047601089973322,0.0
robocasa/TurnOffStove,9,1910358,1,predicted_progress,1,-0.05566971752944132,0.3787794957096158,0.0
robocasa/TurnOffStove,9,1910358,1,predicted_progress,2,-0.05326472640890166,0.4383241654802905,0.0
robocasa/TurnOffStove,9,1910358,1,predicted_progress,4,-0.05023046675572028,0.5134487626166936,0.0
robocasa/TurnOffStove,9,1910358,1,predicted_progress,8,-0.044603733363663495,0.6527598722737101,0.0
robocasa/TurnOffStove,9,1910358,1,predicted_success,1,-0.055669717529441304,0.3787794957096157,0.0
robocasa/TurnOffStove,9,1910358,1,predicted_success,2,-0.055669717529441304,0.3787794957096157,0.0
robocasa/TurnOffStove,9,1910358,1,predicted_success,4,-0.055669717529441304,0.3787794957096157,0.0
robocasa/TurnOffStove,9,1910358,1,predicted_success,8,-0.055669717529441304,0.3787794957096157,0.0
robocasa/TurnOffStove,9,1910358,1,low_energy,1,-0.05566971752944131,0.3787794957096157,0.0
robocasa/TurnOffStove,9,1910358,1,low_energy,2,-0.04925669632743497,0.5375581400233291,0.0
robocasa/TurnOffStove,9,1910358,1,low_energy,4,-0.041650548828886524,0.725877147590594,0.0
robocasa/TurnOffStove,9,1910358,1,low_energy,8,-0.03473314262279922,0.8971437542293168,0.0
robocasa/TurnOffStove,9,1910358,1,distance_progress,1,-0.055669717529441304,0.37877949570961567,0.0
robocasa/TurnOffStove,9,1910358,1,distance_progress,2,-0.04887053601657446,0.5471190020125285,0.0
robocasa/TurnOffStove,9,1910358,1,distance_progress,4,-0.04130476752130566,0.7344382743228022,0.0
robocasa/TurnOffStove,9,1910358,1,distance_progress,8,-0.03605720201664832,0.8643616459337096,0.0
robocasa/TurnOffStove,9,1910358,1,oracle_real_utility,1,-0.05566971752944131,0.3787794957096157,0.0
robocasa/TurnOffStove,9,1910358,1,oracle_real_utility,2,-0.047959523220912355,0.569674576380881,0.0
robocasa/TurnOffStove,9,1910358,1,oracle_real_utility,4,-0.039974684996147,0.7673695080608068,0.0
robocasa/TurnOffStove,9,1910358,1,oracle_real_utility,8,-0.034002109105094575,0.915243259475411,0.0
robocasa/OpenOven,10,2000354,0,random,1,-0.04635085436773612,0.5015105988594067,0.0
robocasa/OpenOven,10,2000354,0,random,2,-0.04850149317817272,0.4320525320037492,0.0
robocasa/OpenOven,10,2000354,0,random,4,-0.04981943109625826,0.38948777422956515,0.0
robocasa/OpenOven,10,2000354,0,random,8,-0.05144390402406647,0.337023014141839,0.0
robocasa/OpenOven,10,2000354,0,learned_wam,1,-0.04635085436773612,0.5015105988594067,0.0
robocasa/OpenOven,10,2000354,0,learned_wam,2,-0.044732396488886855,0.5537810940288667,0.0
robocasa/OpenOven,10,2000354,0,learned_wam,4,-0.045435842156471284,0.5310622739409488,0.0
robocasa/OpenOven,10,2000354,0,learned_wam,8,-0.04806480540538443,0.4461560106400429,0.0
robocasa/OpenOven,10,2000354,0,learned_physics_score,1,-0.04635085436773612,0.5015105988594067,0.0
robocasa/OpenOven,10,2000354,0,learned_physics_score,2,-0.044732396488886855,0.5537810940288667,0.0
robocasa/OpenOven,10,2000354,0,learned_physics_score,4,-0.045435842156471284,0.5310622739409488,0.0
robocasa/OpenOven,10,2000354,0,learned_physics_score,8,-0.04806480540538443,0.4461560106400429,0.0
robocasa/OpenOven,10,2000354,0,learned_energy_regularized,1,-0.04635085436773612,0.5015105988594067,0.0
robocasa/OpenOven,10,2000354,0,learned_energy_regularized,2,-0.0414100839563826,0.6610800997374189,0.0
robocasa/OpenOven,10,2000354,0,learned_energy_regularized,4,-0.035904789956497304,0.838881726327826,0.0
robocasa/OpenOven,10,2000354,0,learned_energy_regularized,8,-0.032591772751285636,0.9458805256691349,0.0
robocasa/OpenOven,10,2000354,0,predicted_progress,1,-0.04635085436773612,0.5015105988594069,0.0
robocasa/OpenOven,10,2000354,0,predicted_progress,2,-0.04797652242865287,0.44900724017718313,0.0
robocasa/OpenOven,10,2000354,0,predicted_progress,4,-0.04826976487731398,0.43953654081791493,0.0
robocasa/OpenOven,10,2000354,0,predicted_progress,8,-0.04723717679782599,0.47288550276883945,0.0
robocasa/OpenOven,10,2000354,0,predicted_success,1,-0.04635085436773612,0.5015105988594067,0.0
robocasa/OpenOven,10,2000354,0,predicted_success,2,-0.04635085436773612,0.5015105988594067,0.0
robocasa/OpenOven,10,2000354,0,predicted_success,4,-0.04635085436773612,0.5015105988594067,0.0
robocasa/OpenOven,10,2000354,0,predicted_success,8,-0.04635085436773612,0.5015105988594067,0.0
robocasa/OpenOven,10,2000354,0,low_energy,1,-0.04635085436773612,0.5015105988594067,0.0
robocasa/OpenOven,10,2000354,0,low_energy,2,-0.041384410899551624,0.6619092491460045,0.0
robocasa/OpenOven,10,2000354,0,low_energy,4,-0.035894761418672705,0.8392056128155547,0.0
robocasa/OpenOven,10,2000354,0,low_energy,8,-0.03259147649809306,0.9458900936049297,0.0
robocasa/OpenOven,10,2000354,0,distance_progress,1,-0.04635085436773612,0.5015105988594069,0.0
robocasa/OpenOven,10,2000354,0,distance_progress,2,-0.04146026045663671,0.6594595753181994,0.0
robocasa/OpenOven,10,2000354,0,distance_progress,4,-0.03963302695642451,0.7184727885098987,0.0
robocasa/OpenOven,10,2000354,0,distance_progress,8,-0.04141070607589187,0.6610600074661098,0.0
robocasa/OpenOven,10,2000354,0,oracle_real_utility,1,-0.04635085436773612,0.5015105988594067,0.0
robocasa/OpenOven,10,2000354,0,oracle_real_utility,2,-0.04025018456628071,0.6985407690941569,0.0
robocasa/OpenOven,10,2000354,0,oracle_real_utility,4,-0.03546942752937438,0.8529424009621717,0.0
robocasa/OpenOven,10,2000354,0,oracle_real_utility,8,-0.0325463338549809,0.9473480421493852,0.0
robocasa/OpenOven,10,2010361,1,random,1,-0.057027450345056366,0.4171472049219484,0.0
robocasa/OpenOven,10,2010361,1,random,2,-0.05663588277782544,0.423905216110824,0.0
robocasa/OpenOven,10,2010361,1,random,4,-0.05833471569182459,0.39458529076045457,0.0
robocasa/OpenOven,10,2010361,1,random,8,-0.05879904388751166,0.38657151381780763,0.0
robocasa/OpenOven,10,2010361,1,learned_wam,1,-0.057027450345056366,0.41714720492194834,0.0
robocasa/OpenOven,10,2010361,1,learned_wam,2,-0.04957868306931115,0.5457044624823776,0.0
robocasa/OpenOven,10,2010361,1,learned_wam,4,-0.041994075297606695,0.6766061726186088,0.0
robocasa/OpenOven,10,2010361,1,learned_wam,8,-0.0336259554754124,0.821030410274864,0.0
robocasa/OpenOven,10,2010361,1,learned_physics_score,1,-0.057027450345056366,0.41714720492194834,0.0
robocasa/OpenOven,10,2010361,1,learned_physics_score,2,-0.04957868306931115,0.5457044624823776,0.0
robocasa/OpenOven,10,2010361,1,learned_physics_score,4,-0.041994075297606695,0.6766061726186088,0.0
robocasa/OpenOven,10,2010361,1,learned_physics_score,8,-0.0336259554754124,0.821030410274864,0.0
robocasa/OpenOven,10,2010361,1,learned_energy_regularized,1,-0.057027450345056366,0.41714720492194834,0.0
robocasa/OpenOven,10,2010361,1,learned_energy_regularized,2,-0.049287725011525056,0.5507260678822252,0.0
robocasa/OpenOven,10,2010361,1,learned_energy_regularized,4,-0.042449099607530315,0.6687529701702539,0.0
robocasa/OpenOven,10,2010361,1,learned_energy_regularized,8,-0.03474524740772705,0.8017127036126581,0.0
robocasa/OpenOven,10,2010361,1,predicted_progress,1,-0.057027450345056366,0.41714720492194834,0.0
robocasa/OpenOven,10,2010361,1,predicted_progress,2,-0.05255158935372899,0.49439547875920353,0.0
robocasa/OpenOven,10,2010361,1,predicted_progress,4,-0.051086598538135894,0.519679555255609,0.0
robocasa/OpenOven,10,2010361,1,predicted_progress,8,-0.05166209674884685,0.5097471101997885,0.0
robocasa/OpenOven,10,2010361,1,predicted_success,1,-0.05702745034505637,0.4171472049219483,0.0
robocasa/OpenOven,10,2010361,1,predicted_success,2,-0.05702745034505637,0.4171472049219483,0.0
robocasa/OpenOven,10,2010361,1,predicted_success,4,-0.05702745034505637,0.4171472049219483,0.0
robocasa/OpenOven,10,2010361,1,predicted_success,8,-0.05702745034505637,0.4171472049219483,0.0
robocasa/OpenOven,10,2010361,1,low_energy,1,-0.057027450345056366,0.41714720492194834,0.0
robocasa/OpenOven,10,2010361,1,low_energy,2,-0.049488111870989594,0.5472676184300865,0.0
robocasa/OpenOven,10,2010361,1,low_energy,4,-0.04259952971431931,0.6661567174928091,0.0
robocasa/OpenOven,10,2010361,1,low_energy,8,-0.03475186845602869,0.8015984318438776,0.0
robocasa/OpenOven,10,2010361,1,distance_progress,1,-0.057027450345056366,0.41714720492194834,0.0
robocasa/OpenOven,10,2010361,1,distance_progress,2,-0.048581488986212354,0.5629148990328794,0.0
robocasa/OpenOven,10,2010361,1,distance_progress,4,-0.04075795197961555,0.6979402562172323,0.0
robocasa/OpenOven,10,2010361,1,distance_progress,8,-0.032988521806734714,0.8320317909447534,0.0
robocasa/OpenOven,10,2010361,1,oracle_real_utility,1,-0.057027450345056366,0.41714720492194834,0.0
robocasa/OpenOven,10,2010361,1,oracle_real_utility,2,-0.048498501434422144,0.5643471698603684,0.0
robocasa/OpenOven,10,2010361,1,oracle_real_utility,4,-0.04059104284578542,0.7008209181727827,0.0
robocasa/OpenOven,10,2010361,1,oracle_real_utility,8,-0.03278913480865675,0.8354729839257147,0.0
robocasa/CloseOven,11,2100357,0,random,1,-0.04918205734237744,0.4939149226328731,0.0
robocasa/CloseOven,11,2100357,0,random,2,-0.04982045033838392,0.4700027461663736,0.0
robocasa/CloseOven,11,2100357,0,random,4,-0.049390608051934265,0.486103274634959,0.0
robocasa/CloseOven,11,2100357,0,random,8,-0.048798738239564154,0.5082728402271928,0.0
robocasa/CloseOven,11,2100357,0,learned_wam,1,-0.04918205734237745,0.4939149226328731,0.0
robocasa/CloseOven,11,2100357,0,learned_wam,2,-0.04378881419278684,0.6959287021174496,0.0
robocasa/CloseOven,11,2100357,0,learned_wam,4,-0.04002832614688685,0.8367846549807081,0.0
robocasa/CloseOven,11,2100357,0,learned_wam,8,-0.03854089079923768,0.8924992645362544,0.0
robocasa/CloseOven,11,2100357,0,learned_physics_score,1,-0.04918205734237745,0.4939149226328731,0.0
robocasa/CloseOven,11,2100357,0,learned_physics_score,2,-0.04378881419278684,0.6959287021174496,0.0
robocasa/CloseOven,11,2100357,0,learned_physics_score,4,-0.04002832614688685,0.8367846549807081,0.0
robocasa/CloseOven,11,2100357,0,learned_physics_score,8,-0.03854089079923768,0.8924992645362544,0.0
robocasa/CloseOven,11,2100357,0,learned_energy_regularized,1,-0.04918205734237745,0.4939149226328731,0.0
robocasa/CloseOven,11,2100357,0,learned_energy_regularized,2,-0.04330856834233848,0.7139171881990057,0.0
robocasa/CloseOven,11,2100357,0,learned_energy_regularized,4,-0.03898865054492393,0.8757276048839355,0.0
robocasa/CloseOven,11,2100357,0,learned_energy_regularized,8,-0.037010159146865576,0.9498356163185454,0.0
robocasa/CloseOven,11,2100357,0,predicted_progress,1,-0.04918205734237745,0.4939149226328731,0.0
robocasa/CloseOven,11,2100357,0,predicted_progress,2,-0.04717899673763003,0.5689432186095534,0.0
robocasa/CloseOven,11,2100357,0,predicted_progress,4,-0.04702972301548604,0.5745345387024232,0.0
robocasa/CloseOven,11,2100357,0,predicted_progress,8,-0.04516425129527715,0.6444091915353104,0.0
robocasa/CloseOven,11,2100357,0,predicted_success,1,-0.04918205734237745,0.4939149226328731,0.0
robocasa/CloseOven,11,2100357,0,predicted_success,2,-0.04918205734237745,0.4939149226328731,0.0
robocasa/CloseOven,11,2100357,0,predicted_success,4,-0.04918205734237745,0.4939149226328731,0.0
robocasa/CloseOven,11,2100357,0,predicted_success,8,-0.04918205734237745,0.4939149226328731,0.0
robocasa/CloseOven,11,2100357,0,low_energy,1,-0.04918205734237745,0.4939149226328731,0.0
robocasa/CloseOven,11,2100357,0,low_energy,2,-0.043271208445600576,0.7153165714146038,0.0
robocasa/CloseOven,11,2100357,0,low_energy,4,-0.03890050453855796,0.8790292746582373,0.0
robocasa/CloseOven,11,2100357,0,low_energy,8,-0.036941473082745376,0.9524083783887842,0.0
robocasa/CloseOven,11,2100357,0,distance_progress,1,-0.04918205734237745,0.49391492263287307,0.0
robocasa/CloseOven,11,2100357,0,distance_progress,2,-0.0463576370623735,0.5997087464584862,0.0
robocasa/CloseOven,11,2100357,0,distance_progress,4,-0.04464555099083446,0.6638380594750439,0.0
robocasa/CloseOven,11,2100357,0,distance_progress,8,-0.041930726266748805,0.7655267814441892,0.0
robocasa/CloseOven,11,2100357,0,oracle_real_utility,1,-0.04918205734237745,0.4939149226328731,0.0
robocasa/CloseOven,11,2100357,0,oracle_real_utility,2,-0.04323260805858848,0.7167624194606859,0.0
robocasa/CloseOven,11,2100357,0,oracle_real_utility,4,-0.03889107588879606,0.8793824419679628,0.0
robocasa/CloseOven,11,2100357,0,oracle_real_utility,8,-0.03694124972298839,0.9524167447367202,0.0
robocasa/CloseOven,11,2110364,1,random,1,-0.05432870583183469,0.5834322819172981,0.0
robocasa/CloseOven,11,2110364,1,random,2,-0.05554079815960337,0.553766990476005,0.0
robocasa/CloseOven,11,2110364,1,random,4,-0.061238756783784265,0.41431259468923926,0.0
robocasa/CloseOven,11,2110364,1,random,8,-0.06958430455114618,0.21005991435771962,0.0
robocasa/CloseOven,11,2110364,1,learned_wam,1,-0.05432870583183469,0.5834322819172981,0.0
robocasa/CloseOven,11,2110364,1,learned_wam,2,-0.05217246073761597,0.6362051917637039,0.0
robocasa/CloseOven,11,2110364,1,learned_wam,4,-0.04804698334979383,0.737173976269998,0.0
robocasa/CloseOven,11,2110364,1,learned_wam,8,-0.04338630905423418,0.8512414100151164,0.0
robocasa/CloseOven,11,2110364,1,learned_physics_score,1,-0.05432870583183469,0.5834322819172981,0.0
robocasa/CloseOven,11,2110364,1,learned_physics_score,2,-0.05217246073761597,0.6362051917637039,0.0
robocasa/CloseOven,11,2110364,1,learned_physics_score,4,-0.04804698334979383,0.737173976269998,0.0
robocasa/CloseOven,11,2110364,1,learned_physics_score,8,-0.04338630905423418,0.8512414100151164,0.0
robocasa/CloseOven,11,2110364,1,learned_energy_regularized,1,-0.054328705831834696,0.5834322819172981,0.0
robocasa/CloseOven,11,2110364,1,learned_energy_regularized,2,-0.05203999024702946,0.639447333983888,0.0
robocasa/CloseOven,11,2110364,1,learned_energy_regularized,4,-0.05091514249629537,0.6669773625041063,0.0
robocasa/CloseOven,11,2110364,1,learned_energy_regularized,8,-0.051969633092199236,0.6411692865573038,0.0
robocasa/CloseOven,11,2110364,1,predicted_progress,1,-0.054328705831834696,0.5834322819172981,0.0
robocasa/CloseOven,11,2110364,1,predicted_progress,2,-0.05384241391481569,0.595334008471801,0.0
robocasa/CloseOven,11,2110364,1,predicted_progress,4,-0.054147561312110154,0.5878656941644606,0.0
robocasa/CloseOven,11,2110364,1,predicted_progress,8,-0.05754635138759143,0.5046821809724126,0.0
robocasa/CloseOven,11,2110364,1,predicted_success,1,-0.05432870583183469,0.5834322819172981,0.0
robocasa/CloseOven,11,2110364,1,predicted_success,2,-0.05432870583183469,0.5834322819172981,0.0
robocasa/CloseOven,11,2110364,1,predicted_success,4,-0.05432870583183469,0.5834322819172981,0.0
robocasa/CloseOven,11,2110364,1,predicted_success,8,-0.05432870583183469,0.5834322819172981,0.0
robocasa/CloseOven,11,2110364,1,low_energy,1,-0.054328705831834696,0.5834322819172981,0.0
robocasa/CloseOven,11,2110364,1,low_energy,2,-0.050763148409229526,0.670697333983888,0.0
robocasa/CloseOven,11,2110364,1,low_energy,4,-0.04897992908587985,0.7143406437541064,0.0
robocasa/CloseOven,11,2110364,1,low_energy,8,-0.05132154370464069,0.6570309169970621,0.0
robocasa/CloseOven,11,2110364,1,distance_progress,1,-0.05432870583183469,0.5834322819172981,0.0
robocasa/CloseOven,11,2110364,1,distance_progress,2,-0.04762955403284444,0.747390328654836,0.0
robocasa/CloseOven,11,2110364,1,distance_progress,4,-0.04235248377959239,0.8765437136177481,0.0
robocasa/CloseOven,11,2110364,1,distance_progress,8,-0.03887277887377645,0.9617075726702633,0.0
robocasa/CloseOven,11,2110364,1,oracle_real_utility,1,-0.05432870583183469,0.5834322819172981,0.0
robocasa/CloseOven,11,2110364,1,oracle_real_utility,2,-0.0468606660463593,0.7662084382016392,0.0
robocasa/CloseOven,11,2110364,1,oracle_real_utility,4,-0.0412774791403644,0.9028538594645967,0.0
robocasa/CloseOven,11,2110364,1,oracle_real_utility,8,-0.038218777936783334,0.9777138850231306,0.0
