chunk_index,tag,env_ids,candidate_task_count,verified,timed_out,runnable_task_count,nondegenerate_task_count,summary_path
0,residual_clean_cook_sweep_000,robocasa/AdjustToasterOvenTemperature,1,False,False,1,0,C:\Users\wangz\best-of-n-wam\results\benchmark_robocasa_micro_rollout_residual_clean_cook_sweep_000.json
1,residual_clean_cook_sweep_001,robocasa/AssembleCookingArray,1,True,False,1,1,C:\Users\wangz\best-of-n-wam\results\benchmark_robocasa_micro_rollout_residual_clean_cook_sweep_001.json
2,residual_clean_cook_sweep_002,robocasa/BeginSlowCooking,1,True,False,1,1,C:\Users\wangz\best-of-n-wam\results\benchmark_robocasa_micro_rollout_residual_clean_cook_sweep_002.json
3,residual_clean_cook_sweep_003,robocasa/BoilCorn,1,True,False,1,1,C:\Users\wangz\best-of-n-wam\results\benchmark_robocasa_micro_rollout_residual_clean_cook_sweep_003.json
4,residual_clean_cook_sweep_004,robocasa/BoilEggs,1,True,False,1,1,C:\Users\wangz\best-of-n-wam\results\benchmark_robocasa_micro_rollout_residual_clean_cook_sweep_004.json
5,residual_clean_cook_sweep_005,robocasa/BoilPot,1,True,False,1,1,C:\Users\wangz\best-of-n-wam\results\benchmark_robocasa_micro_rollout_residual_clean_cook_sweep_005.json
6,residual_clean_cook_sweep_006,robocasa/CandleCleanup,1,False,True,0,0,C:\Users\wangz\best-of-n-wam\results\benchmark_robocasa_micro_rollout_residual_clean_cook_sweep_006.json
7,residual_clean_cook_sweep_007,robocasa/CleanBoard,1,True,False,1,1,C:\Users\wangz\best-of-n-wam\results\benchmark_robocasa_micro_rollout_residual_clean_cook_sweep_007.json
8,residual_clean_cook_sweep_008,robocasa/ClearFreezer,1,True,False,1,1,C:\Users\wangz\best-of-n-wam\results\benchmark_robocasa_micro_rollout_residual_clean_cook_sweep_008.json
9,residual_clean_cook_sweep_009,robocasa/ClearReceptaclesForCleaning,1,True,False,1,1,C:\Users\wangz\best-of-n-wam\results\benchmark_robocasa_micro_rollout_residual_clean_cook_sweep_009.json
10,residual_clean_cook_sweep_010,robocasa/ClearSinkArea,1,True,False,1,1,C:\Users\wangz\best-of-n-wam\results\benchmark_robocasa_micro_rollout_residual_clean_cook_sweep_010.json
11,residual_clean_cook_sweep_011,robocasa/ClearSinkSpace,1,True,False,1,1,C:\Users\wangz\best-of-n-wam\results\benchmark_robocasa_micro_rollout_residual_clean_cook_sweep_011.json
12,residual_clean_cook_sweep_012,robocasa/ClusterItemsForClearing,1,True,False,1,1,C:\Users\wangz\best-of-n-wam\results\benchmark_robocasa_micro_rollout_residual_clean_cook_sweep_012.json
13,residual_clean_cook_sweep_013,robocasa/CookieDoughPrep,1,False,False,0,0,C:\Users\wangz\best-of-n-wam\results\benchmark_robocasa_micro_rollout_residual_clean_cook_sweep_013.json
14,residual_clean_cook_sweep_014,robocasa/CoolBakedCake,1,True,False,1,1,C:\Users\wangz\best-of-n-wam\results\benchmark_robocasa_micro_rollout_residual_clean_cook_sweep_014.json
15,residual_clean_cook_sweep_015,robocasa/CoolBakedCookies,1,True,False,1,1,C:\Users\wangz\best-of-n-wam\results\benchmark_robocasa_micro_rollout_residual_clean_cook_sweep_015.json
16,residual_clean_cook_sweep_016,robocasa/CupcakeCleanup,1,True,False,1,1,C:\Users\wangz\best-of-n-wam\results\benchmark_robocasa_micro_rollout_residual_clean_cook_sweep_016.json
17,residual_clean_cook_sweep_017,robocasa/DryDishes,1,True,False,1,1,C:\Users\wangz\best-of-n-wam\results\benchmark_robocasa_micro_rollout_residual_clean_cook_sweep_017.json
18,residual_clean_cook_sweep_018,robocasa/DryDrinkware,1,True,False,1,1,C:\Users\wangz\best-of-n-wam\results\benchmark_robocasa_micro_rollout_residual_clean_cook_sweep_018.json
19,residual_clean_cook_sweep_019,robocasa/FreezeCookedFood,1,True,False,1,1,C:\Users\wangz\best-of-n-wam\results\benchmark_robocasa_micro_rollout_residual_clean_cook_sweep_019.json
20,residual_clean_cook_sweep_020,robocasa/HeatKebabSandwich,1,True,False,1,1,C:\Users\wangz\best-of-n-wam\results\benchmark_robocasa_micro_rollout_residual_clean_cook_sweep_020.json
21,residual_clean_cook_sweep_021,robocasa/HeatMultipleWater,1,True,False,1,1,C:\Users\wangz\best-of-n-wam\results\benchmark_robocasa_micro_rollout_residual_clean_cook_sweep_021.json
22,residual_clean_cook_sweep_022,robocasa/MicrowaveDefrostMeat,1,True,False,1,1,C:\Users\wangz\best-of-n-wam\results\benchmark_robocasa_micro_rollout_residual_clean_cook_sweep_022.json
23,residual_clean_cook_sweep_023,robocasa/MicrowaveThawing,1,True,False,1,1,C:\Users\wangz\best-of-n-wam\results\benchmark_robocasa_micro_rollout_residual_clean_cook_sweep_023.json
24,residual_clean_cook_sweep_024,robocasa/MicrowaveThawingFridge,1,True,False,1,1,C:\Users\wangz\best-of-n-wam\results\benchmark_robocasa_micro_rollout_residual_clean_cook_sweep_024.json
25,residual_clean_cook_sweep_025,robocasa/OrganizeCleaningSupplies,1,True,False,1,1,C:\Users\wangz\best-of-n-wam\results\benchmark_robocasa_micro_rollout_residual_clean_cook_sweep_025.json
26,residual_clean_cook_sweep_026,robocasa/OvenBroilFish,1,True,False,1,1,C:\Users\wangz\best-of-n-wam\results\benchmark_robocasa_micro_rollout_residual_clean_cook_sweep_026.json
27,residual_clean_cook_sweep_027,robocasa/PlaceLidToBoil,1,True,False,1,1,C:\Users\wangz\best-of-n-wam\results\benchmark_robocasa_micro_rollout_residual_clean_cook_sweep_027.json
28,residual_clean_cook_sweep_028,robocasa/PreRinseStation,1,True,False,1,1,C:\Users\wangz\best-of-n-wam\results\benchmark_robocasa_micro_rollout_residual_clean_cook_sweep_028.json
29,residual_clean_cook_sweep_029,robocasa/PreheatOven,1,False,False,1,0,C:\Users\wangz\best-of-n-wam\results\benchmark_robocasa_micro_rollout_residual_clean_cook_sweep_029.json
30,residual_clean_cook_sweep_030,robocasa/PrepFridgeForCleaning,1,True,False,1,1,C:\Users\wangz\best-of-n-wam\results\benchmark_robocasa_micro_rollout_residual_clean_cook_sweep_030.json
31,residual_clean_cook_sweep_031,robocasa/PrepSinkForCleaning,1,True,False,1,1,C:\Users\wangz\best-of-n-wam\results\benchmark_robocasa_micro_rollout_residual_clean_cook_sweep_031.json
32,residual_clean_cook_sweep_032,robocasa/ReturnWashingSupplies,1,False,True,0,0,C:\Users\wangz\best-of-n-wam\results\benchmark_robocasa_micro_rollout_residual_clean_cook_sweep_032.json
33,residual_clean_cook_sweep_033,robocasa/SlideOvenRack,1,False,False,1,0,C:\Users\wangz\best-of-n-wam\results\benchmark_robocasa_micro_rollout_residual_clean_cook_sweep_033.json
34,residual_clean_cook_sweep_034,robocasa/SlideToasterOvenRack,1,False,False,1,0,C:\Users\wangz\best-of-n-wam\results\benchmark_robocasa_micro_rollout_residual_clean_cook_sweep_034.json
35,residual_clean_cook_sweep_035,robocasa/SortingCleanup,1,True,False,1,1,C:\Users\wangz\best-of-n-wam\results\benchmark_robocasa_micro_rollout_residual_clean_cook_sweep_035.json
36,residual_clean_cook_sweep_036,robocasa/SteamInMicrowave,1,True,False,1,1,C:\Users\wangz\best-of-n-wam\results\benchmark_robocasa_micro_rollout_residual_clean_cook_sweep_036.json
37,residual_clean_cook_sweep_037,robocasa/StopSlowCooking,1,True,False,1,1,C:\Users\wangz\best-of-n-wam\results\benchmark_robocasa_micro_rollout_residual_clean_cook_sweep_037.json
38,residual_clean_cook_sweep_038,robocasa/SweetSavoryToastSetup,1,True,False,1,1,C:\Users\wangz\best-of-n-wam\results\benchmark_robocasa_micro_rollout_residual_clean_cook_sweep_038.json
39,residual_clean_cook_sweep_039,robocasa/ToastHeatableIngredients,1,False,False,0,0,C:\Users\wangz\best-of-n-wam\results\benchmark_robocasa_micro_rollout_residual_clean_cook_sweep_039.json
40,residual_clean_cook_sweep_040,robocasa/ToastOnCorrectRack,1,True,False,1,1,C:\Users\wangz\best-of-n-wam\results\benchmark_robocasa_micro_rollout_residual_clean_cook_sweep_040.json
41,residual_clean_cook_sweep_041,robocasa/ToastOneSlotPair,1,True,False,1,1,C:\Users\wangz\best-of-n-wam\results\benchmark_robocasa_micro_rollout_residual_clean_cook_sweep_041.json
42,residual_clean_cook_sweep_042,robocasa/ToasterOvenBroilFish,1,True,False,1,1,C:\Users\wangz\best-of-n-wam\results\benchmark_robocasa_micro_rollout_residual_clean_cook_sweep_042.json
