episode,t,phase,p,exact_success_N16,mc_success_N16,abs_error_N16
0,0,pre_shift,0.075,0.05803613809905685,0.0588,0.000763861900943151
0,1,pre_shift,0.10625,0.03727979361502739,0.0366,0.0006797936150273881
0,2,pre_shift,0.10625,0.05676270276034712,0.0566,0.00016270276034711928
0,3,pre_shift,0.11875,0.0331995587859377,0.035,0.0018004412140623025
0,4,pre_shift,0.125,0.017552877919677447,0.0176,4.71220803225543e-05
0,5,pre_shift,0.13125,0.024876906403559912,0.0234,0.0014769064035599112
0,6,pre_shift,0.19375,0.011007891769772,0.0092,0.0018078917697720003
0,7,pre_shift,0.15,0.0017720147766664954,0.0022,0.00042798522333350477
0,8,pre_shift,0.25,0.0190788102127365,0.0174,0.0016788102127365014
0,9,post_shift,0.275,0.0020573133477520132,0.0018,0.0002573133477520133
0,10,post_shift,0.2125,0.001997339633506804,0.0016,0.0003973396335068041
0,11,post_shift,0.25625,0.018309371834831122,0.0218,0.0034906281651688777
0,12,post_shift,0.24375,0.006056949186249192,0.0064,0.0003430508137508082
0,13,post_shift,0.2125,0.020834315778073143,0.0198,0.0010343157780731416
0,14,post_shift,0.2125,0.010070944247338237,0.011,0.0009290557526617626
0,15,post_shift,0.23125,0.03423198342773674,0.0362,0.0019680165722632606
0,16,post_shift,0.25,0.02454452616843567,0.026,0.00145547383156433
0,17,post_shift,0.2375,0.007814541213388598,0.0072,0.0006145412133885982
1,0,pre_shift,0.05,0.2410978871899592,0.2506,0.009502112810040791
1,1,pre_shift,0.11875,0.34722845139586556,0.3452,0.0020284513958655492
1,2,pre_shift,0.0375,0.2676008485968497,0.2776,0.00999915140315033
1,3,pre_shift,0.06875,0.3657914077800425,0.3674,0.0016085922199575164
1,4,pre_shift,0.09375,0.1945414169393459,0.1936,0.0009414169393459071
1,5,pre_shift,0.08125,0.4256326328838189,0.416,0.009632632883818937
1,6,pre_shift,0.04375,0.35563694877983987,0.3442,0.011436948779839862
1,7,pre_shift,0.11875,0.6074745215427724,0.607,0.0004745215427723881
1,8,pre_shift,0.125,0.74839062879429,0.7508,0.0024093712057100536
1,9,post_shift,0.15,0.15839821642106522,0.159,0.0006017835789347836
1,10,post_shift,0.19375,0.19786619613821743,0.1862,0.011666196138217427
1,11,post_shift,0.09375,0.11164931765102148,0.1134,0.0017506823489785162
1,12,post_shift,0.15,0.35940201628839574,0.3526,0.006802016288395718
1,13,post_shift,0.2,0.4917013790694391,0.4818,0.009901379069439109
1,14,post_shift,0.16875,0.3394364450111531,0.3366,0.002836445011153099
1,15,post_shift,0.14375,0.10036917233867398,0.1032,0.002830827661326016
1,16,post_shift,0.1625,0.2510651812620118,0.2584,0.007334818737988191
1,17,post_shift,0.14375,0.14471168375736945,0.1462,0.001488316242630544
2,0,pre_shift,0.15,0.0455984101247337,0.0468,0.0012015898752662998
2,1,pre_shift,0.125,0.032223229431354236,0.031,0.0012232294313542363
2,2,pre_shift,0.1125,0.0054429039256641484,0.0064,0.0009570960743358519
2,3,pre_shift,0.18125,0.00846546521896312,0.008,0.0004654652189631202
2,4,pre_shift,0.13125,0.012683593977953492,0.0124,0.0002835939779534929
2,5,pre_shift,0.16875,0.0020649564621403266,0.0024,0.0003350435378596732
2,6,pre_shift,0.1875,0.004525407672471035,0.0038,0.000725407672471035
2,7,pre_shift,0.23125,0.0022785052384443234,0.0022,7.85052384443233e-05
2,8,pre_shift,0.4,6.47007055158677e-07,0.0,6.47007055158677e-07
2,9,post_shift,0.075,3.456266879491326e-15,0.0,3.456266879491326e-15
2,10,post_shift,0.0125,4.416486605256716e-20,0.0,4.416486605256716e-20
2,11,post_shift,0.0,0.0,0.0,0.0
2,12,post_shift,0.01875,8.520167563361525e-21,0.0,8.520167563361525e-21
2,13,post_shift,0.1,1.0620629078162277e-13,0.0,1.0620629078162277e-13
2,14,post_shift,0.175,1.647358032146164e-11,0.0,1.647358032146164e-11
2,15,post_shift,0.25,1.7727038374577613e-09,0.0,1.7727038374577613e-09
2,16,post_shift,0.23125,4.961420031411781e-10,0.0,4.961420031411781e-10
2,17,post_shift,0.2625,1.1677287736059046e-09,0.0,1.1677287736059046e-09
3,0,pre_shift,0.04375,0.13299697107071232,0.1196,0.013396971070712319
3,1,pre_shift,0.09375,0.09091089223301956,0.091,8.910776698044243e-05
3,2,pre_shift,0.04375,0.14269201687785282,0.1472,0.0045079831221471744
3,3,pre_shift,0.0625,0.12009079878375782,0.1274,0.007309201216242192
3,4,pre_shift,0.075,0.10631493228423146,0.1034,0.002914932284231453
3,5,pre_shift,0.13125,0.24885884064210304,0.2334,0.015458840642103039
3,6,pre_shift,0.10625,0.03658850290527594,0.0338,0.0027885029052759427
3,7,pre_shift,0.125,0.03155826064740441,0.0344,0.0028417393525955875
3,8,pre_shift,0.1375,0.16861941002922576,0.1682,0.00041941002922576964
3,9,post_shift,0.13125,0.047648594620922816,0.0484,0.000751405379077183
3,10,post_shift,0.15625,0.1316428919565373,0.1346,0.0029571080434626917
3,11,post_shift,0.13125,0.12305865915419312,0.1158,0.007258659154193117
3,12,post_shift,0.13125,0.11284004205782498,0.1104,0.0024400420578249843
3,13,post_shift,0.18125,0.2529955093238757,0.2638,0.010804490676124268
3,14,post_shift,0.18125,0.053132563606614724,0.053,0.00013256360661472594
3,15,post_shift,0.1,0.09618151952254583,0.0994,0.003218480477454169
3,16,post_shift,0.11875,0.07246622744619848,0.0756,0.0031337725538015254
3,17,post_shift,0.1875,0.33239621459759655,0.3368,0.004403785402403437
4,0,pre_shift,0.1125,0.17598917383170762,0.1824,0.006410826168292388
4,1,pre_shift,0.06875,0.2754614120070209,0.2674,0.008061412007020874
4,2,pre_shift,0.08125,0.28261583681539915,0.2774,0.005215836815399166
4,3,pre_shift,0.05625,0.27796791443648317,0.2834,0.00543208556351682
4,4,pre_shift,0.06875,0.36731939040865286,0.3574,0.009919390408652862
4,5,pre_shift,0.1,0.5948235935772956,0.5888,0.0060235935772956495
4,6,pre_shift,0.075,0.635546413406171,0.6338,0.001746413406170988
4,7,pre_shift,0.0375,0.383163804508873,0.384,0.000836195491127012
4,8,pre_shift,0.14375,0.6648337918794406,0.6744,0.009566208120559416
4,9,post_shift,0.19375,0.3623705755038972,0.375,0.012629424496102826
4,10,post_shift,0.24375,0.4196801557070214,0.4128,0.006880155707021385
4,11,post_shift,0.2125,0.7462173256338696,0.7508,0.004582674366130468
4,12,post_shift,0.16875,0.7627069030309203,0.7718,0.009093096969079784
4,13,post_shift,0.15,0.6568252118204085,0.659,0.0021747881795914914
4,14,post_shift,0.125,0.6086816443411969,0.5978,0.010881644341196872
4,15,post_shift,0.18125,0.6250925662298279,0.6296,0.004507433770172153
4,16,post_shift,0.20625,0.756548456530747,0.7534,0.0031484565307470236
4,17,post_shift,0.19375,0.42805551551479376,0.4312,0.003144484485206267
5,0,pre_shift,0.04375,0.028122046049808228,0.0274,0.0007220460498082275
5,1,pre_shift,0.08125,0.07149453319526433,0.0726,0.0011054668047356664
5,2,pre_shift,0.13125,0.07278163580568801,0.0684,0.004381635805688011
5,3,pre_shift,0.06875,0.06680278087256684,0.0676,0.0007972191274331492
5,4,pre_shift,0.075,0.03853258091760259,0.0394,0.0008674190823974096
5,5,pre_shift,0.15,0.057363194397041344,0.0566,0.000763194397041346
5,6,pre_shift,0.0875,0.027497416126334905,0.0252,0.0022974161263349044
5,7,pre_shift,0.14375,0.028603529277749593,0.0314,0.002796470722250404
5,8,pre_shift,0.23125,0.03707210077034045,0.035,0.0020721007703404445
5,9,post_shift,0.45,0.004788894586962263,0.0024,0.002388894586962263
5,10,post_shift,0.45,0.0014177694353538666,0.0018,0.00038223056464613335
5,11,post_shift,0.4125,0.008349543032361854,0.0088,0.0004504569676381468
5,12,post_shift,0.48125,0.006350542803959393,0.0058,0.0005505428039593932
5,13,post_shift,0.44375,0.027434091594205814,0.023,0.004434091594205814
5,14,post_shift,0.35625,0.013257141092584836,0.0114,0.0018571410925848353
5,15,post_shift,0.34375,0.005138758810837606,0.005,0.0001387588108376055
5,16,post_shift,0.3875,0.007683132872684304,0.0068,0.0008831328726843042
5,17,post_shift,0.3125,0.011193153149510509,0.0132,0.002006846850489491
6,0,pre_shift,0.0375,0.08390898993898853,0.0818,0.0021089899389885314
6,1,pre_shift,0.0875,0.03291509812270006,0.0292,0.003715098122700062
6,2,pre_shift,0.10625,0.17951325794365783,0.1852,0.0056867420563421756
6,3,pre_shift,0.075,0.07841437294332543,0.0764,0.002014372943325432
6,4,pre_shift,0.1,0.023014752424764414,0.021,0.0020147524247644127
6,5,pre_shift,0.08125,0.031142338635264007,0.0342,0.0030576613647359946
6,6,pre_shift,0.1125,0.029564400256793515,0.0296,3.559974320648668e-05
6,7,pre_shift,0.14375,0.03624286923579704,0.0382,0.0019571307642029592
6,8,pre_shift,0.2125,0.03213045164014572,0.028,0.004130451640145718
6,9,post_shift,0.3,0.014708328062835981,0.013,0.0017083280628359815
6,10,post_shift,0.19375,0.005288389785712791,0.0044,0.0008883897857127907
6,11,post_shift,0.2375,0.01466754218754411,0.0148,0.0001324578124558915
6,12,post_shift,0.2875,0.032510900501500184,0.0342,0.0016890994984998173
6,13,post_shift,0.21875,0.01429894142173947,0.0156,0.0013010585782605288
6,14,post_shift,0.225,0.015659061638849024,0.0156,5.9061638849024906e-05
6,15,post_shift,0.25,0.0283847084426277,0.0276,0.0007847084426277004
6,16,post_shift,0.18125,0.10362971147075369,0.1058,0.0021702885292463198
6,17,post_shift,0.13125,0.030729551398639515,0.0296,0.0011295513986395132
7,0,pre_shift,0.06875,0.09525724035558168,0.0914,0.003857240355581687
7,1,pre_shift,0.06875,0.07557283285360991,0.0704,0.005172832853609907
7,2,pre_shift,0.04375,0.13606965826786835,0.1374,0.0013303417321316457
7,3,pre_shift,0.0625,0.08127189544647082,0.082,0.000728104553529188
7,4,pre_shift,0.1,0.09555272497893141,0.094,0.0015527249789314135
7,5,pre_shift,0.125,0.06087843372138512,0.0652,0.004321566278614873
7,6,pre_shift,0.10625,0.11628418792815573,0.1132,0.003084187928155735
7,7,pre_shift,0.1625,0.08788802975799549,0.0904,0.002511970242004502
7,8,pre_shift,0.15,0.09719949992739722,0.0968,0.00039949992739722606
7,9,post_shift,0.35,0.02251285442136023,0.0224,0.00011285442136023047
7,10,post_shift,0.3,0.004088852244387006,0.0048,0.0007111477556129937
7,11,post_shift,0.25,0.004978974381631443,0.0056,0.0006210256183685568
7,12,post_shift,0.30625,0.003645199655013163,0.0034,0.00024519965501316326
7,13,post_shift,0.3,0.0010148476856030374,0.0006,0.00041484768560303743
7,14,post_shift,0.29375,0.005794289338908144,0.0062,0.00040571066109185584
7,15,post_shift,0.29375,0.0105016688707313,0.0104,0.0001016688707313005
7,16,post_shift,0.31875,0.014549277883883383,0.0122,0.0023492778838833817
7,17,post_shift,0.2375,0.013387907612203155,0.0106,0.0027879076122031554
8,0,pre_shift,0.08125,0.09107841093658187,0.0878,0.003278410936581863
8,1,pre_shift,0.06875,0.10672225134696345,0.1166,0.009877748653036547
8,2,pre_shift,0.04375,0.08689997604653851,0.0848,0.0020999760465385126
8,3,pre_shift,0.04375,0.08136311738669384,0.0784,0.002963117386693845
8,4,pre_shift,0.0875,0.17403677448216076,0.1694,0.004636774482160766
8,5,pre_shift,0.0625,0.10251516672624642,0.1008,0.0017151667262464143
8,6,pre_shift,0.14375,0.1370338512507263,0.1418,0.0047661487492736965
8,7,pre_shift,0.175,0.3974379076790576,0.4054,0.00796209232094236
8,8,pre_shift,0.14375,0.29496253576484366,0.2976,0.002637464235156317
8,9,post_shift,0.25,0.2405533302773397,0.2432,0.002646669722660311
8,10,post_shift,0.1875,0.09691058228939708,0.0928,0.004110582289397091
8,11,post_shift,0.16875,0.1633935792528283,0.159,0.004393579252828295
8,12,post_shift,0.2875,0.20617057884920814,0.2042,0.001970578849208149
8,13,post_shift,0.2875,0.05408950341418073,0.0578,0.0037104965858192687
8,14,post_shift,0.25625,0.027244428525416805,0.0284,0.0011555714745831967
8,15,post_shift,0.26875,0.025127499353025537,0.0206,0.004527499353025537
8,16,post_shift,0.325,0.03959438716498206,0.0374,0.002194387164982055
8,17,post_shift,0.34375,0.016795879118510236,0.0188,0.0020041208814897647
9,0,pre_shift,0.0375,0.054642310054949614,0.0528,0.001842310054949614
9,1,pre_shift,0.04375,0.299424284534623,0.306,0.006575715465376997
9,2,pre_shift,0.08125,0.4073243329036277,0.4138,0.006475667096372317
9,3,pre_shift,0.0875,0.5668495997579717,0.5582,0.008649599757971638
9,4,pre_shift,0.0875,0.3082758514204914,0.3108,0.0025241485795086116
9,5,pre_shift,0.0875,0.14459969995813768,0.1426,0.001999699958137674
9,6,pre_shift,0.1125,0.3835806509292931,0.3906,0.007019349070706893
9,7,pre_shift,0.0875,0.2791986109366278,0.2756,0.0035986109366277774
9,8,pre_shift,0.08125,0.16856839723089476,0.1752,0.006631602769105238
9,9,post_shift,0.13125,0.6184980348712362,0.6148,0.003698034871236211
9,10,post_shift,0.175,0.8887045594073073,0.8968,0.008095440592692738
9,11,post_shift,0.14375,0.8555560462464651,0.8606,0.005043953753534947
9,12,post_shift,0.13125,0.423349645906807,0.4184,0.004949645906807021
9,13,post_shift,0.16875,0.6983783441781849,0.6962,0.0021783441781848545
9,14,post_shift,0.15,0.8698070165516099,0.8674,0.0024070165516099085
9,15,post_shift,0.1,0.6461457090423703,0.654,0.007854290957629684
9,16,post_shift,0.15,0.8270126089441115,0.821,0.006012608944111597
9,17,post_shift,0.13125,0.7131041878514828,0.7166,0.003495812148517241
10,0,pre_shift,0.0625,0.3068352480053676,0.3024,0.004435248005367598
10,1,pre_shift,0.075,0.06571547892828108,0.0624,0.0033154789282810876
10,2,pre_shift,0.04375,0.08088779687066502,0.0726,0.008287796870665026
10,3,pre_shift,0.0625,0.10161548716444857,0.102,0.00038451283555142324
10,4,pre_shift,0.075,0.05517809578627697,0.0618,0.00662190421372303
10,5,pre_shift,0.09375,0.09404877190006702,0.1008,0.006751228099932977
10,6,pre_shift,0.125,0.06390302399184841,0.0602,0.0037030239918484156
10,7,pre_shift,0.14375,0.11408288447700535,0.1158,0.0017171155229946528
10,8,pre_shift,0.14375,0.2606547003494951,0.2606,5.470034949511815e-05
10,9,post_shift,0.25625,0.08052463129316553,0.086,0.00547536870683446
10,10,post_shift,0.15625,0.009693802592329482,0.0098,0.00010619740767051772
10,11,post_shift,0.2125,0.1474985734408909,0.1448,0.002698573440890889
10,12,post_shift,0.20625,0.09363681341844746,0.0912,0.0024368134184474532
10,13,post_shift,0.1875,0.03644117381692518,0.0334,0.0030411738169251815
10,14,post_shift,0.2125,0.08975332409280286,0.092,0.0022466759071971404
10,15,post_shift,0.19375,0.24011009045949092,0.2414,0.0012899095405090877
10,16,post_shift,0.16875,0.14732028925508966,0.1552,0.00787971074491034
10,17,post_shift,0.19375,0.14328931977585585,0.1366,0.006689319775855851
11,0,pre_shift,0.0625,0.16298971840370421,0.161,0.0019897184037042104
11,1,pre_shift,0.05625,0.23361706983354097,0.232,0.0016170698335409572
11,2,pre_shift,0.0625,0.121868653664922,0.1232,0.0013313463350780042
11,3,pre_shift,0.0625,0.1256711365143272,0.1308,0.005128863485672791
11,4,pre_shift,0.075,0.2966668979607212,0.2948,0.0018668979607212033
11,5,pre_shift,0.09375,0.1778088573324074,0.1764,0.0014088573324073927
11,6,pre_shift,0.11875,0.1890971221416149,0.179,0.0100971221416149
11,7,pre_shift,0.125,0.20576729752910247,0.2054,0.0003672975291024727
11,8,pre_shift,0.13125,0.33454962564227997,0.3428,0.008250374357720025
11,9,post_shift,0.175,0.5260335872486757,0.5276,0.0015664127513242976
11,10,post_shift,0.1625,0.5120046290885374,0.5156,0.0035953709114625587
11,11,post_shift,0.2125,0.6365687332344127,0.6358,0.0007687332344126219
11,12,post_shift,0.19375,0.3579117277325233,0.361,0.0030882722674767105
11,13,post_shift,0.175,0.44340769070116537,0.4404,0.0030076907011653553
11,14,post_shift,0.2125,0.533087899222902,0.5224,0.010687899222902031
11,15,post_shift,0.19375,0.37700683587202083,0.3708,0.0062068358720208106
11,16,post_shift,0.21875,0.3440593716149762,0.342,0.0020593716149761576
11,17,post_shift,0.2,0.18622932530550906,0.1862,2.9325305509059207e-05
12,0,pre_shift,0.05625,0.06995990482772782,0.06,0.009959904827727822
12,1,pre_shift,0.05,0.05798937407040748,0.058,1.0625929592521233e-05
12,2,pre_shift,0.06875,0.07984010017293194,0.0834,0.003559899827068058
12,3,pre_shift,0.08125,0.0724120993472709,0.0688,0.0036120993472709
12,4,pre_shift,0.05625,0.0480722308082137,0.0484,0.0003277691917863007
12,5,pre_shift,0.075,0.04613951364863768,0.0416,0.00453951364863768
12,6,pre_shift,0.1,0.0634213004203531,0.0636,0.0001786995796469043
12,7,pre_shift,0.15625,0.011193537414707947,0.01,0.0011935374147079465
12,8,pre_shift,0.21875,0.012206310295776632,0.014,0.0017936897042233682
12,9,post_shift,0.29375,0.009713075455639418,0.0092,0.0005130754556394185
12,10,post_shift,0.25,0.0037450777482924344,0.0026,0.0011450777482924345
12,11,post_shift,0.21875,0.0008629690177625624,0.0006,0.0002629690177625624
12,12,post_shift,0.23125,0.0028318387971404705,0.003,0.00016816120285952953
12,13,post_shift,0.26875,0.003520516023274845,0.0028,0.0007205160232748452
12,14,post_shift,0.225,0.008436655420054725,0.0086,0.00016334457994527513
12,15,post_shift,0.28125,0.010196443246557545,0.0098,0.000396443246557545
12,16,post_shift,0.275,0.011567109763354665,0.0116,3.2890236645334234e-05
12,17,post_shift,0.2125,0.02163492680359704,0.021,0.0006349268035970371
13,0,pre_shift,0.075,0.15496663405354832,0.153,0.0019666340535483273
13,1,pre_shift,0.08125,0.060060744464380256,0.0594,0.0006607444643802543
13,2,pre_shift,0.14375,0.0701728562192811,0.0704,0.00022714378071890529
13,3,pre_shift,0.14375,0.19236189820549981,0.1934,0.0010381017945001736
13,4,pre_shift,0.09375,0.06186935716866708,0.063,0.0011306428313329203
13,5,pre_shift,0.1,0.014813268806919072,0.0136,0.0012132688069190732
13,6,pre_shift,0.18125,0.009412125052043639,0.0094,1.2125052043638479e-05
13,7,pre_shift,0.15625,0.004947919954290835,0.0044,0.0005479199542908347
13,8,pre_shift,0.2375,0.003370991772424048,0.0036,0.00022900822757595174
13,9,post_shift,0.4375,0.017412771977032556,0.0162,0.001212771977032557
13,10,post_shift,0.3,0.01215715253747292,0.0134,0.001242847462527081
13,11,post_shift,0.4,0.034023145199367055,0.0332,0.0008231451993670549
13,12,post_shift,0.25625,0.006081277795986599,0.007,0.0009187222040134011
13,13,post_shift,0.30625,0.00809624909898745,0.0082,0.0001037509010125507
13,14,post_shift,0.25625,0.05449924568718541,0.0568,0.0023007543128145957
13,15,post_shift,0.24375,0.08077680280838621,0.0832,0.0024231971916137823
13,16,post_shift,0.30625,0.034118394708246624,0.0292,0.004918394708246624
13,17,post_shift,0.2875,0.012592786335557098,0.0124,0.00019278633555709808
14,0,pre_shift,0.075,0.12508772017813674,0.1212,0.0038877201781367388
14,1,pre_shift,0.09375,0.03150354644393202,0.0368,0.005296453556067976
14,2,pre_shift,0.11875,0.14998882188739787,0.147,0.00298882188739788
14,3,pre_shift,0.05625,0.018697061645995012,0.019,0.00030293835400498764
14,4,pre_shift,0.15625,0.19062574670532906,0.186,0.004625746705329059
14,5,pre_shift,0.1,0.032815968014509485,0.036,0.0031840319854905125
14,6,pre_shift,0.19375,0.051609645154523584,0.0522,0.0005903548454764193
14,7,pre_shift,0.1625,0.01342449708136168,0.013,0.00042449708136168066
14,8,pre_shift,0.3375,0.0015489050150167562,0.0016,5.109498498324385e-05
14,9,post_shift,0.475,0.00032163272241301214,0.0,0.00032163272241301214
14,10,post_shift,0.575,0.0018255209704162603,0.0028,0.0009744790295837396
14,11,post_shift,0.41875,0.0007393463781940437,0.0012,0.0004606536218059562
14,12,post_shift,0.45625,0.010856112237035353,0.0106,0.00025611223703535246
14,13,post_shift,0.35,0.00288125523159459,0.0038,0.00091874476840541
14,14,post_shift,0.40625,0.010730552776208753,0.0114,0.0006694472237912478
14,15,post_shift,0.3375,0.0324944250593566,0.0312,0.0012944250593566048
14,16,post_shift,0.3625,0.007054778027712148,0.0072,0.00014522197228785186
14,17,post_shift,0.29375,0.05547446860618403,0.0496,0.005874468606184034
15,0,pre_shift,0.075,0.03177069782752223,0.0328,0.001029302172477771
15,1,pre_shift,0.075,0.030564793384257723,0.0282,0.0023647933842577233
15,2,pre_shift,0.0625,0.01797545241626768,0.0188,0.0008245475837323213
15,3,pre_shift,0.1,0.029919688747206505,0.03,8.031125279349405e-05
15,4,pre_shift,0.0375,0.019684551809765194,0.0184,0.0012845518097651942
15,5,pre_shift,0.075,0.1053328457952672,0.1068,0.0014671542047328123
15,6,pre_shift,0.15,0.13182814556640166,0.132,0.00017185443359835073
15,7,pre_shift,0.15,0.027222572350706367,0.0252,0.002022572350706367
15,8,pre_shift,0.1875,0.009635729717039567,0.0096,3.5729717039568315e-05
15,9,post_shift,0.2375,0.009056306354363056,0.0074,0.001656306354363056
15,10,post_shift,0.25625,0.011554917945085043,0.0114,0.00015491794508504242
15,11,post_shift,0.26875,0.004240490947144914,0.005,0.000759509052855086
15,12,post_shift,0.25,0.003010494286174261,0.0026,0.00041049428617426133
15,13,post_shift,0.19375,0.016683826829391978,0.016,0.0006838268293919772
15,14,post_shift,0.24375,0.018282855972256554,0.0194,0.001117144027743447
15,15,post_shift,0.2375,0.0180725171184674,0.017,0.0010725171184673976
15,16,post_shift,0.26875,0.05310953498995862,0.0506,0.002509534989958623
15,17,post_shift,0.21875,0.029392114881987196,0.0274,0.0019921148819871948
16,0,pre_shift,0.075,0.07768366708985425,0.0752,0.002483667089854244
16,1,pre_shift,0.05625,0.05926394673272058,0.0578,0.0014639467327205793
16,2,pre_shift,0.10625,0.1268039424129814,0.1214,0.005403942412981408
16,3,pre_shift,0.08125,0.19880232387797878,0.2,0.001197676122021235
16,4,pre_shift,0.05625,0.0285211205262261,0.028,0.0005211205262261008
16,5,pre_shift,0.06875,0.026987448307148425,0.0248,0.0021874483071484263
16,6,pre_shift,0.0875,0.08399435472986079,0.0858,0.0018056452701392112
16,7,pre_shift,0.1375,0.0806910218743242,0.0772,0.0034910218743241933
16,8,pre_shift,0.15,0.09709044960930427,0.094,0.003090449609304269
16,9,post_shift,0.25,0.003643737405594528,0.0048,0.0011562625944054714
16,10,post_shift,0.28125,0.004313079248619133,0.0044,8.692075138086713e-05
16,11,post_shift,0.275,0.018641285444660392,0.0206,0.001958714555339608
16,12,post_shift,0.2375,0.014165738921114578,0.0126,0.0015657389211145775
16,13,post_shift,0.23125,0.029927333950761945,0.0306,0.0006726660492380535
16,14,post_shift,0.21875,0.02727754367872487,0.0256,0.001677543678724868
16,15,post_shift,0.26875,0.04346388717938876,0.0468,0.003336112820611241
16,16,post_shift,0.25,0.01921141632591766,0.0222,0.0029885836740823415
16,17,post_shift,0.175,0.020304302380969422,0.024,0.003695697619030578
17,0,pre_shift,0.11875,0.041795220156499197,0.0476,0.005804779843500807
17,1,pre_shift,0.1375,0.05218544219463281,0.0532,0.0010145578053671889
17,2,pre_shift,0.075,0.05483276690198342,0.0492,0.005632766901983416
17,3,pre_shift,0.09375,0.0731876272565746,0.073,0.00018762725657460455
17,4,pre_shift,0.125,0.012290961780013494,0.011,0.001290961780013495
17,5,pre_shift,0.15625,0.020127706414630703,0.0176,0.0025277064146307024
17,6,pre_shift,0.16875,0.03233308500194948,0.0304,0.0019330850019494798
17,7,pre_shift,0.26875,0.0009616584297818495,0.0008,0.0001616584297818495
17,8,pre_shift,0.38125,0.00047538443460482205,0.0002,0.000275384434604822
17,9,post_shift,0.475,7.420663916547822e-06,0.0,7.420663916547822e-06
17,10,post_shift,0.45625,6.809793872246983e-06,0.0,6.809793872246983e-06
17,11,post_shift,0.525,3.4443385553034806e-05,0.0,3.4443385553034806e-05
17,12,post_shift,0.5875,0.00022873149512469008,0.0004,0.00017126850487530994
17,13,post_shift,0.51875,0.0008179985988474946,0.0006,0.00021799859884749466
17,14,post_shift,0.56875,0.0017341067165719756,0.0018,6.589328342802435e-05
17,15,post_shift,0.5375,0.0050094615180413206,0.005,9.46151804132045e-06
17,16,post_shift,0.425,0.011048363275216983,0.0128,0.0017516367247830174
17,17,post_shift,0.4125,0.017940988577801017,0.0152,0.002740988577801017
18,0,pre_shift,0.06875,0.11447931602274859,0.1168,0.0023206839772514087
18,1,pre_shift,0.075,0.1877208356623017,0.1892,0.0014791643376983188
18,2,pre_shift,0.04375,0.16265407204533494,0.1576,0.005054072045334951
18,3,pre_shift,0.05,0.045935901338956794,0.046,6.409866104320483e-05
18,4,pre_shift,0.1,0.23257041380901966,0.234,0.0014295861909803531
18,5,pre_shift,0.08125,0.12085354175821181,0.1172,0.003653541758211809
18,6,pre_shift,0.13125,0.1842794428467613,0.182,0.0022794428467612926
18,7,pre_shift,0.1375,0.10195534804773305,0.1018,0.00015534804773305322
18,8,pre_shift,0.08125,0.06494874610102463,0.0692,0.004251253898975363
18,9,post_shift,0.15625,0.2528328505979609,0.2664,0.013567149402039125
18,10,post_shift,0.1625,0.155290761479142,0.1544,0.0008907614791419938
18,11,post_shift,0.18125,0.36457515364479615,0.3754,0.010824846355203865
18,12,post_shift,0.1375,0.6892519806531509,0.6904,0.0011480193468491606
18,13,post_shift,0.13125,0.7167643447868306,0.713,0.0037643447868306312
18,14,post_shift,0.10625,0.4594285300243537,0.4596,0.00017146997564632116
18,15,post_shift,0.175,0.6707470941400214,0.6778,0.007052905859978531
18,16,post_shift,0.21875,0.8924114765458856,0.8894,0.0030114765458856274
18,17,post_shift,0.19375,0.32225989374526615,0.3204,0.001859893745266128
19,0,pre_shift,0.04375,0.08107539994725162,0.085,0.003924600052748389
19,1,pre_shift,0.05625,0.21120354667661578,0.2142,0.0029964533233842183
19,2,pre_shift,0.04375,0.11206378220057053,0.1102,0.0018637822005705268
19,3,pre_shift,0.05625,0.27072916486264126,0.2614,0.009329164862641237
19,4,pre_shift,0.1,0.1294939678819016,0.1348,0.005306032118098408
19,5,pre_shift,0.08125,0.2347722737417945,0.2412,0.006427726258205507
19,6,pre_shift,0.10625,0.20966872523015345,0.2046,0.005068725230153448
19,7,pre_shift,0.0875,0.06500570416925248,0.0644,0.0006057041692524856
19,8,pre_shift,0.325,0.025226287652692157,0.0238,0.0014262876526921556
19,9,post_shift,0.4625,0.0020489459808913438,0.0024,0.000351054019108656
19,10,post_shift,0.41875,0.0005575501849048579,0.0006,4.244981509514206e-05
19,11,post_shift,0.4375,0.001152493257168523,0.0014,0.0002475067428314771
19,12,post_shift,0.275,0.0014131126298617977,0.0016,0.00018688737013820237
19,13,post_shift,0.26875,0.005961285258554416,0.006,3.8714741445584205e-05
19,14,post_shift,0.3125,0.012780240016147578,0.012,0.0007802400161475778
19,15,post_shift,0.21875,0.00890370525784558,0.011,0.00209629474215442
19,16,post_shift,0.225,0.012010950937096582,0.0154,0.0033890490629034185
19,17,post_shift,0.28125,0.07647030941707152,0.0746,0.0018703094170715168
20,0,pre_shift,0.0625,0.05565270654892059,0.05,0.00565270654892059
20,1,pre_shift,0.0875,0.09387087726362092,0.0914,0.002470877263620927
20,2,pre_shift,0.11875,0.1380226405395612,0.1384,0.000377359460438792
20,3,pre_shift,0.09375,0.09131589580924351,0.0888,0.0025158958092435096
20,4,pre_shift,0.075,0.025032934046691102,0.0216,0.003432934046691101
20,5,pre_shift,0.13125,0.2528408736528658,0.254,0.0011591263471342206
20,6,pre_shift,0.14375,0.0429200191491423,0.0454,0.0024799808508577034
20,7,pre_shift,0.2,0.044549120081179144,0.0522,0.007650879918820859
20,8,pre_shift,0.275,0.0014950833038995279,0.0012,0.00029508330389952796
20,9,post_shift,0.4875,0.001224444552080299,0.0006,0.0006244445520802992
20,10,post_shift,0.5125,0.0030519699146364597,0.004,0.0009480300853635403
20,11,post_shift,0.39375,0.0007660496293669827,0.0012,0.00043395037063301723
20,12,post_shift,0.325,0.006288196416464653,0.007,0.0007118035835353472
20,13,post_shift,0.4,0.03128846324877517,0.0308,0.0004884632487751686
20,14,post_shift,0.3625,0.02943259686599057,0.0256,0.003832596865990568
20,15,post_shift,0.31875,0.007272784447934414,0.007,0.00027278444793441426
20,16,post_shift,0.3,0.010767967359641379,0.012,0.0012320326403586213
20,17,post_shift,0.34375,0.0243807306283294,0.0244,1.926937167060286e-05
21,0,pre_shift,0.05,0.124777696498582,0.1216,0.0031776964985820028
21,1,pre_shift,0.0375,0.2838021827543573,0.2698,0.014002182754357329
21,2,pre_shift,0.075,0.31453019240549124,0.311,0.0035301924054912392
21,3,pre_shift,0.09375,0.0756470836525015,0.074,0.0016470836525015048
21,4,pre_shift,0.05,0.1803831426484439,0.1726,0.007783142648443903
21,5,pre_shift,0.0875,0.17315071616051778,0.1782,0.0050492838394822215
21,6,pre_shift,0.10625,0.2794988519816593,0.275,0.00449885198165928
21,7,pre_shift,0.14375,0.33798770810695844,0.3354,0.002587708106958464
21,8,pre_shift,0.175,0.06561098308460897,0.0692,0.0035890169153910273
21,9,post_shift,0.1625,0.1014770064045791,0.097,0.004477006404579098
21,10,post_shift,0.2,0.2117943353894051,0.2004,0.011394335389405097
21,11,post_shift,0.11875,0.13347365133914518,0.1324,0.001073651339145193
21,12,post_shift,0.1375,0.2474322498049162,0.248,0.0005677501950837882
21,13,post_shift,0.15625,0.2985656944034568,0.3002,0.0016343055965432063
21,14,post_shift,0.18125,0.36837082142228794,0.3724,0.004029178577712067
21,15,post_shift,0.16875,0.12757151077161888,0.1262,0.0013715107716188724
21,16,post_shift,0.15,0.29470392362108677,0.3032,0.008496076378913253
21,17,post_shift,0.13125,0.22331785944364094,0.2274,0.004082140556359054
22,0,pre_shift,0.075,0.0656326142259651,0.0624,0.0032326142259651025
22,1,pre_shift,0.09375,0.026113904041790762,0.0238,0.0023139040417907604
22,2,pre_shift,0.06875,0.045188226160706974,0.042,0.003188226160706971
22,3,pre_shift,0.125,0.0223976407114098,0.0188,0.0035976407114097983
22,4,pre_shift,0.11875,0.021475539310437473,0.0198,0.001675539310437471
22,5,pre_shift,0.08125,0.024339705060797242,0.0276,0.0032602949392027576
22,6,pre_shift,0.15,0.010399216508251622,0.0114,0.001000783491748378
22,7,pre_shift,0.19375,0.023110410406215687,0.0226,0.0005104104062156889
22,8,pre_shift,0.23125,0.004408688244735269,0.0066,0.0021913117552647306
22,9,post_shift,0.4125,1.8029417405356813e-05,0.0,1.8029417405356813e-05
22,10,post_shift,0.51875,0.00029426483137971,0.0,0.00029426483137971
22,11,post_shift,0.5125,0.0003706725884399142,0.0,0.0003706725884399142
22,12,post_shift,0.5125,0.00010045242572060869,0.0,0.00010045242572060869
22,13,post_shift,0.5125,0.00023743478021206888,0.0002,3.743478021206887e-05
22,14,post_shift,0.48125,0.000604814883989205,0.0008,0.000195185116010795
22,15,post_shift,0.38125,0.001333883737801989,0.0014,6.61162621980111e-05
22,16,post_shift,0.475,0.000991705025385363,0.0004,0.000591705025385363
22,17,post_shift,0.39375,0.0025902797171333033,0.0016,0.0009902797171333032
23,0,pre_shift,0.05625,0.11387261303849291,0.1142,0.00032738696150708124
23,1,pre_shift,0.0375,0.19505049437266253,0.1882,0.0068504943726625245
23,2,pre_shift,0.04375,0.14942083787337973,0.149,0.0004208378733797369
23,3,pre_shift,0.1,0.3533746266504097,0.3444,0.008974626650409712
23,4,pre_shift,0.1,0.29206420819502593,0.2994,0.007335791804974068
23,5,pre_shift,0.125,0.3276622822213472,0.3278,0.00013771777865279056
23,6,pre_shift,0.1125,0.2121568126250106,0.21,0.0021568126250106068
23,7,pre_shift,0.18125,0.05407875382228869,0.0556,0.0015212461777113079
23,8,pre_shift,0.1625,0.06928923720109438,0.065,0.0042892372010943786
23,9,post_shift,0.24375,0.12003445335456953,0.1216,0.001565546645430474
23,10,post_shift,0.24375,0.20921186677142056,0.2044,0.004811866771420564
23,11,post_shift,0.20625,0.054859471129528374,0.0522,0.0026594711295283707
23,12,post_shift,0.2125,0.2648399677239941,0.275,0.010160032276005926
23,13,post_shift,0.2,0.11846349515625768,0.1106,0.007863495156257672
23,14,post_shift,0.20625,0.1846198317108503,0.1744,0.010219831710850308
23,15,post_shift,0.23125,0.36292256292459774,0.3692,0.006277437075402237
23,16,post_shift,0.275,0.15378665723168983,0.1466,0.007186657231689819
23,17,post_shift,0.2375,0.19052565923358677,0.1886,0.001925659233586785
24,0,pre_shift,0.0625,0.09470516207920464,0.0984,0.003694837920795363
24,1,pre_shift,0.10625,0.12935872871924134,0.1316,0.0022412712807586554
24,2,pre_shift,0.05625,0.06435517339071067,0.064,0.00035517339071067244
24,3,pre_shift,0.05,0.049334562744284306,0.0476,0.0017345627442843028
24,4,pre_shift,0.05625,0.027119182913831814,0.0248,0.0023191829138318153
24,5,pre_shift,0.06875,0.026684123840981518,0.0294,0.0027158761590184814
24,6,pre_shift,0.13125,0.00958430130449299,0.0116,0.0020156986955070094
24,7,pre_shift,0.16875,0.002959750928844861,0.003,4.0249071155139086e-05
24,8,pre_shift,0.2,0.0007665711191203301,0.0006,0.00016657111912033015
24,9,post_shift,0.325,0.0045597410741990575,0.0058,0.0012402589258009421
24,10,post_shift,0.275,0.0008684972940407398,0.0002,0.0006684972940407398
24,11,post_shift,0.2875,0.002845904805937524,0.0036,0.0007540951940624759
24,12,post_shift,0.2125,0.0009626016185116488,0.0,0.0009626016185116488
24,13,post_shift,0.26875,0.008416272968714491,0.0072,0.0012162729687144914
24,14,post_shift,0.2375,0.0022488011749278755,0.0024,0.0001511988250721243
24,15,post_shift,0.2,0.008141592228780681,0.0078,0.00034159222878068184
24,16,post_shift,0.15625,0.022801861415476604,0.0214,0.0014018614154766053
24,17,post_shift,0.1625,0.06540575601679513,0.0636,0.0018057560167951264
25,0,pre_shift,0.06875,0.26348373736367436,0.2744,0.010916262636325613
25,1,pre_shift,0.05,0.10567530795633985,0.104,0.0016753079563398554
25,2,pre_shift,0.06875,0.15579324385364546,0.1484,0.007393243853645454
25,3,pre_shift,0.0875,0.1393667778889064,0.1362,0.0031667778889064024
25,4,pre_shift,0.0875,0.10921294557005506,0.1066,0.002612945570055064
25,5,pre_shift,0.10625,0.15060814196428704,0.148,0.0026081419642870474
25,6,pre_shift,0.13125,0.15019759335261038,0.147,0.003197593352610384
25,7,pre_shift,0.18125,0.24453967854424535,0.2468,0.002260321455754638
25,8,pre_shift,0.15,0.23394550730028088,0.2344,0.00045449269971911677
25,9,post_shift,0.18125,0.1653929633759113,0.1684,0.003007036624088688
25,10,post_shift,0.20625,0.16068124443249968,0.1492,0.011481244432499677
25,11,post_shift,0.2375,0.19751489736087577,0.202,0.004485102639124244
25,12,post_shift,0.18125,0.19882202059851137,0.1912,0.007622020598511359
25,13,post_shift,0.2,0.42520829237750635,0.4186,0.00660829237750632
25,14,post_shift,0.23125,0.430247903616687,0.4342,0.003952096383312953
25,15,post_shift,0.19375,0.35823562973641987,0.3512,0.007035629736419857
25,16,post_shift,0.225,0.37123495773386816,0.3738,0.002565042266131856
25,17,post_shift,0.20625,0.4338341057806422,0.4258,0.008034105780642176
26,0,pre_shift,0.08125,0.1140519040469824,0.1136,0.00045190404698239317
26,1,pre_shift,0.05625,0.06919796200703703,0.0692,2.037992962972135e-06
26,2,pre_shift,0.125,0.0976926388300871,0.098,0.0003073611699129092
26,3,pre_shift,0.075,0.04440385028275466,0.0438,0.000603850282754663
26,4,pre_shift,0.11875,0.04238529013967081,0.0434,0.0010147098603291924
26,5,pre_shift,0.13125,0.028472112058869223,0.0274,0.001072112058869222
26,6,pre_shift,0.1625,0.013604041090838234,0.0142,0.0005959589091617673
26,7,pre_shift,0.2375,0.02092227478271834,0.0156,0.00532227478271834
26,8,pre_shift,0.33125,3.896878662662867e-05,0.0,3.896878662662867e-05
26,9,post_shift,0.55,8.655591518762013e-05,0.0002,0.00011344408481237988
26,10,post_shift,0.55625,0.0001529438681979587,0.0002,4.7056131802041305e-05
26,11,post_shift,0.55,0.001687371029257842,0.0008,0.000887371029257842
26,12,post_shift,0.5625,0.009861800071927499,0.008,0.001861800071927499
26,13,post_shift,0.50625,0.0004575384617432067,0.0002,0.0002575384617432067
26,14,post_shift,0.4875,0.0032089523717108576,0.0018,0.0014089523717108576
26,15,post_shift,0.43125,0.01654654276503057,0.0172,0.000653457234969429
26,16,post_shift,0.31875,0.014892773291158219,0.0106,0.004292773291158219
26,17,post_shift,0.3125,0.026722596026838463,0.0314,0.004677403973161534
27,0,pre_shift,0.08125,0.07118548219685177,0.0726,0.0014145178031482325
27,1,pre_shift,0.05,0.010195453835685911,0.0144,0.004204546164314088
27,2,pre_shift,0.09375,0.13336138206191847,0.1242,0.009161382061918466
27,3,pre_shift,0.1,0.08967573319176228,0.09,0.0003242668082377165
27,4,pre_shift,0.0875,0.12498687667430718,0.1176,0.00738687667430718
27,5,pre_shift,0.1,0.05223163253719521,0.0522,3.163253719520864e-05
27,6,pre_shift,0.10625,0.024187845231964055,0.023,0.0011878452319640555
27,7,pre_shift,0.11875,0.03647294792898997,0.0358,0.0006729479289899684
27,8,pre_shift,0.10625,0.059015312099174794,0.0606,0.0015846879008252074
27,9,post_shift,0.2375,0.033311267308749254,0.0342,0.0008887326912507473
27,10,post_shift,0.16875,0.013824632486420642,0.015,0.001175367513579358
27,11,post_shift,0.10625,0.030884108645373224,0.0326,0.001715891354626773
27,12,post_shift,0.175,0.032751011838620156,0.032,0.0007510118386201553
27,13,post_shift,0.15625,0.02563403838209042,0.0238,0.001834038382090418
27,14,post_shift,0.15,0.10399304857953875,0.1056,0.0016069514204612445
27,15,post_shift,0.14375,0.07477208673908779,0.0768,0.002027913260912201
27,16,post_shift,0.1375,0.0850978133982759,0.0812,0.0038978133982759122
27,17,post_shift,0.1625,0.3809283047934685,0.3744,0.006528304793468498
28,0,pre_shift,0.05625,0.15622836997984804,0.1552,0.0010283699798480372
28,1,pre_shift,0.06875,0.25775901282717983,0.251,0.006759012827179833
28,2,pre_shift,0.06875,0.4498028184683765,0.4412,0.008602818468376516
28,3,pre_shift,0.09375,0.3065585918592925,0.3114,0.004841408140707493
28,4,pre_shift,0.04375,0.2359922067655495,0.2416,0.005607793234450514
28,5,pre_shift,0.125,0.25912618934147746,0.2634,0.004273810658522559
28,6,pre_shift,0.10625,0.024627768577440378,0.0264,0.0017722314225596218
28,7,pre_shift,0.2375,0.006193505638575776,0.0084,0.0022064943614242237
28,8,pre_shift,0.3375,0.0017553553146968225,0.0016,0.00015535531469682245
28,9,post_shift,0.45,6.0624304381081325e-06,0.0,6.0624304381081325e-06
28,10,post_shift,0.50625,5.847946275082368e-05,0.0,5.847946275082368e-05
28,11,post_shift,0.58125,0.0004975560220350718,0.0006,0.00010244397796492814
28,12,post_shift,0.44375,6.728509367544848e-05,0.0002,0.00013271490632455152
28,13,post_shift,0.54375,0.00355912282719248,0.0032,0.0003591228271924798
28,14,post_shift,0.525,0.0022786162240959083,0.0022,7.861622409590817e-05
28,15,post_shift,0.4875,1.5825025153783948e-05,0.0,1.5825025153783948e-05
28,16,post_shift,0.5375,0.00011167554224426413,0.0004,0.0002883244577557359
28,17,post_shift,0.48125,0.00041022933907723994,0.0004,1.0229339077239919e-05
29,0,pre_shift,0.1,0.01772519847058089,0.0172,0.0005251984705808913
29,1,pre_shift,0.1125,0.01668979494657937,0.016,0.000689794946579371
29,2,pre_shift,0.09375,0.06574408152664962,0.0604,0.00534408152664962
29,3,pre_shift,0.14375,0.06429422382329783,0.064,0.0002942238232978289
29,4,pre_shift,0.18125,0.07700234883675539,0.0744,0.0026023488367553915
29,5,pre_shift,0.11875,0.04121315826104881,0.0402,0.0010131582610488077
29,6,pre_shift,0.225,0.011172877960313576,0.0112,2.7122039686423502e-05
29,7,pre_shift,0.275,0.009802257318083832,0.0118,0.001997742681916168
29,8,pre_shift,0.35625,0.0020866744474978753,0.0026,0.0005133255525021246
29,9,post_shift,0.5125,0.002825766548475643,0.0026,0.00022576654847564302
29,10,post_shift,0.49375,0.004331862708729415,0.0052,0.0008681372912705846
29,11,post_shift,0.46875,0.005012367413142524,0.0042,0.0008123674131425241
29,12,post_shift,0.40625,0.0006326646146839449,0.0004,0.0002326646146839449
29,13,post_shift,0.55,0.003868519673110811,0.004,0.00013148032688918912
29,14,post_shift,0.41875,0.0012945884943041863,0.0008,0.0004945884943041862
29,15,post_shift,0.4375,0.007599924054841387,0.006,0.0015999240548413866
29,16,post_shift,0.3125,0.002145534648812346,0.0024,0.00025446535118765377
29,17,post_shift,0.4125,0.0420501445189172,0.0414,0.0006501445189171992
30,0,pre_shift,0.05625,0.18197737317102955,0.1798,0.002177373171029562
30,1,pre_shift,0.0625,0.14900922446796802,0.1488,0.0002092244679680333
30,2,pre_shift,0.06875,0.13070812194873743,0.1362,0.005491878051262555
30,3,pre_shift,0.1,0.1035213000166347,0.1038,0.0002786999833652992
30,4,pre_shift,0.075,0.18582979151584436,0.1798,0.006029791515844374
30,5,pre_shift,0.08125,0.30597382442260374,0.3042,0.0017738244226037092
30,6,pre_shift,0.09375,0.2119106082150417,0.2108,0.0011106082150417196
30,7,pre_shift,0.06875,0.17120827662867322,0.1688,0.0024082766286732116
30,8,pre_shift,0.1625,0.6531929256754437,0.6538,0.0006070743245563115
30,9,post_shift,0.1625,0.6206673865295077,0.6226,0.0019326134704923392
30,10,post_shift,0.14375,0.4323466355598992,0.4346,0.002253364440100769
30,11,post_shift,0.1625,0.8162914909780512,0.8114,0.004891490978051194
30,12,post_shift,0.1375,0.7261091094258475,0.7282,0.0020908905741524597
30,13,post_shift,0.0875,0.6876443737222141,0.6846,0.003044373722214111
30,14,post_shift,0.16875,0.8957434963454508,0.893,0.002743496345450791
30,15,post_shift,0.05625,0.48278530364629246,0.472,0.010785303646292488
30,16,post_shift,0.08125,0.6622061706019213,0.6642,0.0019938293980786836
30,17,post_shift,0.15,0.8967929054702489,0.8968,7.094529751117129e-06
31,0,pre_shift,0.0875,0.27267678737583634,0.2676,0.0050767873758363335
31,1,pre_shift,0.08125,0.22408983701675422,0.224,8.98370167542184e-05
31,2,pre_shift,0.03125,0.06702725874472257,0.0658,0.0012272587447225702
31,3,pre_shift,0.06875,0.18333892773860028,0.1754,0.007938927738600277
31,4,pre_shift,0.1,0.4926391501016839,0.4952,0.0025608498983160644
31,5,pre_shift,0.0875,0.448319731306948,0.4562,0.007880268693051973
31,6,pre_shift,0.1,0.6909072247178659,0.6872,0.003707224717865887
31,7,pre_shift,0.05,0.3594236026185209,0.356,0.0034236026185209267
31,8,pre_shift,0.06875,0.47276710885321127,0.4758,0.00303289114678873
31,9,post_shift,0.15,0.8558084993422412,0.8618,0.005991500657758775
31,10,post_shift,0.19375,0.8325063224349628,0.8236,0.00890632243496281
31,11,post_shift,0.2,0.5617465787591728,0.564,0.002253421240827169
31,12,post_shift,0.175,0.7017163511884598,0.7054,0.0036836488115402632
31,13,post_shift,0.2,0.8320959485276278,0.8344,0.002304051472372226
31,14,post_shift,0.1125,0.6283590068701849,0.6356,0.0072409931298151875
31,15,post_shift,0.18125,0.8409711441890133,0.84,0.0009711441890133399
31,16,post_shift,0.19375,0.8204810383715411,0.8168,0.003681038371541101
31,17,post_shift,0.175,0.6068683174654466,0.6092,0.002331682534553403
32,0,pre_shift,0.1125,0.06856470329568554,0.0642,0.004364703295685543
32,1,pre_shift,0.05625,0.025780775597287326,0.0234,0.0023807755972873254
32,2,pre_shift,0.08125,0.04291985086487849,0.046,0.0030801491351215085
32,3,pre_shift,0.13125,0.01929698327795027,0.0192,9.698327795027231e-05
32,4,pre_shift,0.09375,0.012627771286326632,0.0148,0.0021722287136733687
32,5,pre_shift,0.1375,0.002445772153339784,0.0022,0.000245772153339784
32,6,pre_shift,0.24375,0.001663081091687315,0.0024,0.0007369189083126849
32,7,pre_shift,0.25625,0.008472422498716305,0.0094,0.0009275775012836957
32,8,pre_shift,0.33125,0.0014095586079283914,0.0014,9.558607928391444e-06
32,9,post_shift,0.51875,0.003993309592080793,0.0042,0.00020669040791920692
32,10,post_shift,0.41875,0.0011726204730041912,0.0014,0.00022737952699580875
32,11,post_shift,0.44375,0.0016112963199669385,0.0014,0.0002112963199669385
32,12,post_shift,0.41875,0.005791312688859089,0.0056,0.00019131268885908947
32,13,post_shift,0.4,0.01495442797817983,0.0164,0.0014455720218201715
32,14,post_shift,0.36875,0.028448373907512776,0.0286,0.00015162609248722467
32,15,post_shift,0.2375,0.007449118053612234,0.0074,4.911805361223348e-05
32,16,post_shift,0.30625,0.030254133677948578,0.0292,0.001054133677948578
32,17,post_shift,0.39375,0.07375474472293275,0.0774,0.003645255277067244
33,0,pre_shift,0.0625,0.10964206224249101,0.1068,0.002842062242491006
33,1,pre_shift,0.05625,0.05376379397587845,0.0514,0.0023637939758784504
33,2,pre_shift,0.10625,0.14528090255651357,0.146,0.0007190974434864161
33,3,pre_shift,0.05625,0.12371413559203187,0.1216,0.002114135592031871
33,4,pre_shift,0.0625,0.1354919092631941,0.1258,0.009691909263194104
33,5,pre_shift,0.0875,0.06963646542192098,0.0734,0.003763534578079028
33,6,pre_shift,0.10625,0.043973936821621235,0.0378,0.006173936821621234
33,7,pre_shift,0.09375,0.0250176922991263,0.0204,0.0046176922991263
33,8,pre_shift,0.10625,0.05599947743278846,0.0556,0.0003994774327884601
33,9,post_shift,0.26875,0.01519558019832961,0.0166,0.0014044198016703903
33,10,post_shift,0.225,0.019964734600277784,0.0202,0.00023526539972221552
33,11,post_shift,0.19375,0.024338711381234134,0.0262,0.0018612886187658675
33,12,post_shift,0.1625,0.0032614336255496583,0.0056,0.0023385663744503416
33,13,post_shift,0.225,0.010611886260462137,0.0094,0.0012118862604621368
33,14,post_shift,0.21875,0.0629444416604367,0.0606,0.002344441660436694
33,15,post_shift,0.125,0.02236382994478883,0.0214,0.0009638299447888299
33,16,post_shift,0.15,0.02525884302871812,0.0286,0.0033411569712818792
33,17,post_shift,0.18125,0.061144403446100275,0.0596,0.0015444034461002745
34,0,pre_shift,0.10625,0.05205299695156881,0.0546,0.0025470030484311956
34,1,pre_shift,0.09375,0.10122072970244833,0.1022,0.0009792702975516682
34,2,pre_shift,0.05,0.043336993507072555,0.0462,0.002863006492927443
34,3,pre_shift,0.075,0.06571516536349238,0.0672,0.0014848346365076148
34,4,pre_shift,0.06875,0.11036036144836583,0.1062,0.004160361448365832
34,5,pre_shift,0.1,0.048904425852847204,0.0544,0.005495574147152793
34,6,pre_shift,0.075,0.008147733790074344,0.0088,0.000652266209925657
34,7,pre_shift,0.125,0.09602339129786244,0.0986,0.0025766087021375506
34,8,pre_shift,0.1625,0.16620713726705416,0.1614,0.0048071372670541734
34,9,post_shift,0.14375,0.08879963488910164,0.0864,0.0023996348891016372
34,10,post_shift,0.175,0.4194237266471729,0.417,0.0024237266471729413
34,11,post_shift,0.20625,0.27835496474975874,0.273,0.005354964749758717
34,12,post_shift,0.20625,0.38706423289593084,0.393,0.005935767104069178
34,13,post_shift,0.1875,0.42707087313273523,0.423,0.004070873132735242
34,14,post_shift,0.25625,0.6267917032675202,0.6258,0.0009917032675201831
34,15,post_shift,0.15,0.6508527669141189,0.6622,0.011347233085881148
34,16,post_shift,0.1625,0.8033878449967801,0.8046,0.0012121550032199169
34,17,post_shift,0.16875,0.5086942044018326,0.503,0.005694204401832548
35,0,pre_shift,0.06875,0.21954108217845214,0.2182,0.0013410821784521354
35,1,pre_shift,0.075,0.07108479929171263,0.067,0.004084799291712626
35,2,pre_shift,0.075,0.2002524761565192,0.2086,0.008347523843480809
35,3,pre_shift,0.0875,0.0852114627346491,0.0876,0.002388537265350904
35,4,pre_shift,0.11875,0.0509742460739576,0.0486,0.0023742460739576005
35,5,pre_shift,0.10625,0.08327514629972975,0.0812,0.002075146299729755
35,6,pre_shift,0.1625,0.12085991240502442,0.1148,0.006059912405024417
35,7,pre_shift,0.11875,0.03645746046814405,0.0444,0.007942539531855954
35,8,pre_shift,0.175,0.1872462227062897,0.1858,0.0014462227062897182
35,9,post_shift,0.225,0.3854218951132838,0.3782,0.007221895113283805
35,10,post_shift,0.225,0.41407482147491703,0.4136,0.00047482147491700877
35,11,post_shift,0.3125,0.37907641344165627,0.3818,0.0027235865583437047
35,12,post_shift,0.19375,0.4181829812692665,0.412,0.00618298126926653
35,13,post_shift,0.21875,0.16088523514696218,0.173,0.012114764853037807
35,14,post_shift,0.21875,0.28828258705052495,0.276,0.012282587050524929
35,15,post_shift,0.20625,0.2859980173037947,0.2804,0.005598017303794722
35,16,post_shift,0.21875,0.338505976489033,0.343,0.004494023510967005
35,17,post_shift,0.23125,0.5453401119897117,0.5404,0.004940111989711671
36,0,pre_shift,0.0625,0.09292415235629448,0.0974,0.0044758476437055245
36,1,pre_shift,0.06875,0.33364978193589245,0.3264,0.00724978193589243
36,2,pre_shift,0.06875,0.05595806270914594,0.0568,0.000841937290854064
36,3,pre_shift,0.04375,0.0951763129224963,0.0924,0.0027763129224963046
36,4,pre_shift,0.075,0.11719926966898228,0.1142,0.002999269668982285
36,5,pre_shift,0.0875,0.2880718631073179,0.2908,0.002728136892682087
36,6,pre_shift,0.11875,0.14959218504078903,0.1544,0.004807814959210982
36,7,pre_shift,0.125,0.05283159851695273,0.0512,0.0016315985169527286
36,8,pre_shift,0.1125,0.02223918513119356,0.0228,0.0005608148688064397
36,9,post_shift,0.2375,0.01824591084424359,0.0146,0.0036459108442435887
36,10,post_shift,0.24375,0.005138505394999334,0.004,0.0011385053949993342
36,11,post_shift,0.14375,0.004205865755646452,0.005,0.000794134244353548
36,12,post_shift,0.21875,0.012881070703857411,0.0142,0.0013189292961425896
36,13,post_shift,0.2125,0.0014615646036451008,0.0008,0.0006615646036451007
36,14,post_shift,0.23125,0.002394103304286467,0.0034,0.0010058966957135328
36,15,post_shift,0.3125,0.004176429080227893,0.0044,0.00022357091977210763
36,16,post_shift,0.2875,0.0060512192839975295,0.0074,0.0013487807160024708
36,17,post_shift,0.275,0.0055769248444707134,0.003,0.0025769248444707134
37,0,pre_shift,0.05,0.15548563121375714,0.1572,0.0017143687862428703
37,1,pre_shift,0.08125,0.07890682496292822,0.0768,0.0021068249629282304
37,2,pre_shift,0.08125,0.06547417493769554,0.065,0.0004741749376955401
37,3,pre_shift,0.075,0.09512788767420154,0.0918,0.0033278876742015295
37,4,pre_shift,0.1,0.18943536981967307,0.1948,0.005364630180326929
37,5,pre_shift,0.1125,0.3118657974111193,0.3096,0.002265797411119319
37,6,pre_shift,0.125,0.31496723941650023,0.3198,0.00483276058349974
37,7,pre_shift,0.14375,0.501108827509525,0.5056,0.004491172490475037
37,8,pre_shift,0.1375,0.39212700631702185,0.3872,0.004927006317021865
37,9,post_shift,0.2125,0.17742535521715735,0.182,0.004574644782842641
37,10,post_shift,0.16875,0.30326775181285676,0.2972,0.0060677518128567365
37,11,post_shift,0.21875,0.6483734790112222,0.6436,0.00477347901122227
37,12,post_shift,0.18125,0.6591709557412756,0.6572,0.001970955741275593
37,13,post_shift,0.2,0.5690625260296265,0.5646,0.00446252602962649
37,14,post_shift,0.1125,0.6854920002550621,0.6902,0.004707999744937963
37,15,post_shift,0.21875,0.5623166808138313,0.5708,0.008483319186168625
37,16,post_shift,0.18125,0.46452742032096733,0.4516,0.012927420320967331
37,17,post_shift,0.175,0.41730401896290575,0.4074,0.00990401896290577
38,0,pre_shift,0.05625,0.15908143563770089,0.1666,0.007518564362299113
38,1,pre_shift,0.0875,0.11310828836862677,0.11,0.0031082883686267687
38,2,pre_shift,0.08125,0.06144551904620073,0.0562,0.005245519046200728
38,3,pre_shift,0.0875,0.056072310942833166,0.0522,0.0038723109428331626
38,4,pre_shift,0.1375,0.006383913242666742,0.0054,0.000983913242666742
38,5,pre_shift,0.1375,0.011684947984011146,0.0124,0.0007150520159888533
38,6,pre_shift,0.15,0.0034600061149802908,0.0024,0.001060006114980291
38,7,pre_shift,0.3,0.010413208906405074,0.0092,0.0012132089064050746
38,8,pre_shift,0.41875,9.805917773012373e-06,0.0,9.805917773012373e-06
38,9,post_shift,0.41875,9.41827492174007e-07,0.0,9.41827492174007e-07
38,10,post_shift,0.51875,3.965868229284732e-05,0.0,3.965868229284732e-05
38,11,post_shift,0.4375,1.8900738558127597e-06,0.0,1.8900738558127597e-06
38,12,post_shift,0.5,2.6970290422036552e-05,0.0,2.6970290422036552e-05
38,13,post_shift,0.54375,6.534735606033245e-05,0.0,6.534735606033245e-05
38,14,post_shift,0.40625,1.3955531039201853e-06,0.0,1.3955531039201853e-06
38,15,post_shift,0.45,0.0005119668256042048,0.0006,8.803317439579517e-05
38,16,post_shift,0.46875,8.622739985786065e-06,0.0,8.622739985786065e-06
38,17,post_shift,0.51875,4.6785790541027734e-05,0.0,4.6785790541027734e-05
39,0,pre_shift,0.05,0.05633022112518896,0.058,0.0016697788748110398
39,1,pre_shift,0.05625,0.15073590174049742,0.1512,0.0004640982595025822
39,2,pre_shift,0.09375,0.1433706238823384,0.1546,0.011229376117661588
39,3,pre_shift,0.08125,0.15094231231097113,0.1548,0.0038576876890288603
39,4,pre_shift,0.05625,0.30959017507849385,0.3218,0.01220982492150613
39,5,pre_shift,0.1125,0.13555964291677847,0.1366,0.0010403570832215325
39,6,pre_shift,0.11875,0.15692480256221275,0.1642,0.007275197437787262
39,7,pre_shift,0.09375,0.14345298999959877,0.1396,0.003852989999598766
39,8,pre_shift,0.0875,0.08279450586655533,0.0812,0.0015945058665553374
39,9,post_shift,0.1875,0.1627196135112064,0.1672,0.004480386488793592
39,10,post_shift,0.125,0.27576760543897716,0.2924,0.016632394561022834
39,11,post_shift,0.125,0.19163615692946356,0.1902,0.0014361569294635557
39,12,post_shift,0.1375,0.14190392806759103,0.1414,0.0005039280675910307
39,13,post_shift,0.1125,0.1467116574607369,0.1402,0.006511657460736897
39,14,post_shift,0.175,0.29177327953107857,0.2856,0.006173279531078546
39,15,post_shift,0.15,0.2354061894723867,0.2294,0.006006189472386708
39,16,post_shift,0.16875,0.20605454196035455,0.2062,0.0001454580396454408
39,17,post_shift,0.13125,0.143720090902553,0.1454,0.0016799090974470021
40,0,pre_shift,0.08125,0.058636280196939984,0.0578,0.0008362801969399869
40,1,pre_shift,0.05625,0.04802309064437057,0.0492,0.0011769093556294324
40,2,pre_shift,0.05625,0.04767555122376914,0.0502,0.002524448776230863
40,3,pre_shift,0.1,0.06206488774020314,0.0688,0.006735112259796859
40,4,pre_shift,0.0625,0.02870893840903857,0.0292,0.0004910615909614301
40,5,pre_shift,0.11875,0.03211520532667986,0.0318,0.00031520532667985574
40,6,pre_shift,0.175,0.02983914764253487,0.0336,0.003760852357465129
40,7,pre_shift,0.19375,0.010770317641105236,0.0082,0.0025703176411052357
40,8,pre_shift,0.275,0.004181860383432268,0.005,0.0008181396165677325
40,9,post_shift,0.275,0.0013513320369070757,0.0012,0.00015133203690707582
40,10,post_shift,0.2625,0.011560428773569081,0.013,0.001439571226430918
40,11,post_shift,0.3125,0.0085845454545759,0.0082,0.0003845454545758995
40,12,post_shift,0.29375,0.006212727884570536,0.0064,0.0001872721154294642
40,13,post_shift,0.29375,0.005946976687918609,0.0052,0.0007469766879186091
40,14,post_shift,0.225,0.140289865044683,0.1396,0.0006898650446829913
40,15,post_shift,0.2125,0.03833359274421948,0.0434,0.005066407255780524
40,16,post_shift,0.1875,0.014908490373009314,0.0142,0.0007084903730093135
40,17,post_shift,0.25625,0.035965020080236935,0.0376,0.001634979919763066
41,0,pre_shift,0.16875,0.028670376486637332,0.0312,0.0025296235133626666
41,1,pre_shift,0.15625,0.025568949049185857,0.0218,0.0037689490491858574
41,2,pre_shift,0.16875,0.03703849563607603,0.0372,0.00016150436392396716
41,3,pre_shift,0.13125,0.01406956169180136,0.0142,0.0001304383081986403
41,4,pre_shift,0.2125,0.02170360353802076,0.0222,0.0004963964619792427
41,5,pre_shift,0.13125,0.010389428823801837,0.0076,0.0027894288238018367
41,6,pre_shift,0.2,0.015594154695463224,0.0152,0.0003941546954632242
41,7,pre_shift,0.2625,0.003399829432939653,0.0032,0.00019982943293965277
41,8,pre_shift,0.43125,0.0009461119523687429,0.001,5.38880476312571e-05
41,9,post_shift,0.4375,1.8015607760810668e-06,0.0,1.8015607760810668e-06
41,10,post_shift,0.53125,4.368699597643643e-05,0.0,4.368699597643643e-05
41,11,post_shift,0.4375,2.4494287138022534e-06,0.0,2.4494287138022534e-06
41,12,post_shift,0.5,1.52587890625e-05,0.0,1.52587890625e-05
41,13,post_shift,0.475,1.390507650017066e-05,0.0,1.390507650017066e-05
41,14,post_shift,0.5,2.245327852067511e-05,0.0,2.245327852067511e-05
41,15,post_shift,0.54375,8.764187297912352e-05,0.0,8.764187297912352e-05
41,16,post_shift,0.5375,0.00013504255612827552,0.0004,0.0002649574438717245
41,17,post_shift,0.5125,0.0004109938382156337,0.0002,0.00021099383821563368
42,0,pre_shift,0.075,0.1122707382513691,0.1122,7.073825136910683e-05
42,1,pre_shift,0.0875,0.3761131319549383,0.3842,0.008086868045061701
42,2,pre_shift,0.05,0.19600771754618326,0.2036,0.00759228245381674
42,3,pre_shift,0.0375,0.1891649744342616,0.1928,0.0036350255657383868
42,4,pre_shift,0.075,0.16864896480071506,0.165,0.0036489648007150544
42,5,pre_shift,0.06875,0.42479045535917426,0.427,0.0022095446408257335
42,6,pre_shift,0.075,0.16059062534167973,0.1638,0.0032093746583202742
42,7,pre_shift,0.0875,0.05762739193621756,0.0542,0.0034273919362175637
42,8,pre_shift,0.11875,0.26766899102998215,0.2548,0.012868991029982124
42,9,post_shift,0.19375,0.3300690529973502,0.3244,0.005669052997350155
42,10,post_shift,0.175,0.17006608324842398,0.176,0.005933916751576007
42,11,post_shift,0.19375,0.3987444532895055,0.3938,0.0049444532895054905
42,12,post_shift,0.15625,0.4690817733887197,0.4664,0.0026817733887197215
42,13,post_shift,0.14375,0.4094718312733233,0.4106,0.0011281687266767038
42,14,post_shift,0.15,0.26521245448484926,0.2694,0.004187545515150715
42,15,post_shift,0.18125,0.3621018951515803,0.359,0.003101895151580325
42,16,post_shift,0.11875,0.4951174937112874,0.4972,0.0020825062887125934
42,17,post_shift,0.1875,0.5975001694958119,0.597,0.0005001694958118863
43,0,pre_shift,0.075,0.021629518595741595,0.027,0.005370481404258404
43,1,pre_shift,0.0375,0.04482822172013123,0.043,0.0018282217201312304
43,2,pre_shift,0.0625,0.07645535277412893,0.0802,0.0037446472258710617
43,3,pre_shift,0.0875,0.07812656521551667,0.0732,0.004926565215516668
43,4,pre_shift,0.05,0.010909263068647427,0.011,9.073693135257244e-05
43,5,pre_shift,0.13125,0.034520838782475693,0.0318,0.0027208387824756916
43,6,pre_shift,0.15,0.017340109187939746,0.018,0.0006598908120602522
43,7,pre_shift,0.1625,0.010043772379897464,0.0124,0.002356227620102536
43,8,pre_shift,0.21875,0.01787288852932952,0.019,0.0011271114706704784
43,9,post_shift,0.2875,0.000714487666333107,0.0004,0.00031448766633310703
43,10,post_shift,0.2375,0.017666262653957106,0.0174,0.00026626265395710697
43,11,post_shift,0.26875,0.013472722798281538,0.0132,0.00027272279828153764
43,12,post_shift,0.1875,0.018335590775911174,0.0182,0.00013559077591117352
43,13,post_shift,0.20625,0.039208292851095235,0.045,0.005791707148904764
43,14,post_shift,0.16875,0.048954265062966275,0.046,0.0029542650629662756
43,15,post_shift,0.1875,0.15919517245616452,0.1568,0.002395172456164524
43,16,post_shift,0.13125,0.15464288268845383,0.1524,0.0022428826884538233
43,17,post_shift,0.19375,0.2488835721412082,0.2492,0.0003164278587917957
44,0,pre_shift,0.1,0.1490237892086108,0.1464,0.0026237892086108106
44,1,pre_shift,0.13125,0.03975961312491941,0.0354,0.0043596131249194064
44,2,pre_shift,0.0625,0.020045703705289002,0.02,4.570370528900192e-05
44,3,pre_shift,0.09375,0.013728842366356013,0.0144,0.0006711576336439866
44,4,pre_shift,0.10625,0.07805389138176083,0.0792,0.001146108618239175
44,5,pre_shift,0.2125,0.01437005787068518,0.0128,0.00157005787068518
44,6,pre_shift,0.2375,0.013594439874600548,0.012,0.0015944398746005478
44,7,pre_shift,0.2625,0.0022610761761279272,0.003,0.0007389238238720728
44,8,pre_shift,0.3,0.01552775292239042,0.0146,0.0009277529223904197
44,9,post_shift,0.46875,0.0021920002893848576,0.0026,0.0004079997106151423
44,10,post_shift,0.6,0.0007172103047499905,0.0004,0.00031721030474999044
44,11,post_shift,0.625,0.00254294611056689,0.002,0.0005429461105668902
44,12,post_shift,0.46875,0.0019120333891846969,0.0024,0.0004879666108153029
44,13,post_shift,0.51875,0.0010197308582187048,0.0014,0.0003802691417812952
44,14,post_shift,0.5125,0.0012378741108681382,0.0012,3.787411086813826e-05
44,15,post_shift,0.45625,0.0029351832430582025,0.004,0.0010648167569417975
44,16,post_shift,0.475,0.0035955871968419272,0.0034,0.0001955871968419274
44,17,post_shift,0.46875,0.03768500339879272,0.0382,0.0005149966012072751
45,0,pre_shift,0.0875,0.1835334015839302,0.1756,0.007933401583930189
45,1,pre_shift,0.075,0.08268525922875988,0.0856,0.0029147407712401124
45,2,pre_shift,0.0625,0.20229886422125526,0.1966,0.005698864221255262
45,3,pre_shift,0.09375,0.3106809061849427,0.3136,0.002919093815057283
45,4,pre_shift,0.05625,0.35693292964049894,0.3506,0.006332929640498919
45,5,pre_shift,0.06875,0.43431027815474677,0.4478,0.01348972184525321
45,6,pre_shift,0.125,0.4937754119840212,0.4904,0.0033754119840211927
45,7,pre_shift,0.1125,0.4383829554568473,0.444,0.005617044543152705
45,8,pre_shift,0.1125,0.5283281304297847,0.5342,0.005871869570215349
45,9,post_shift,0.14375,0.2580215657596471,0.2612,0.003178434240352912
45,10,post_shift,0.15625,0.4946114276962763,0.493,0.001611427696276313
45,11,post_shift,0.1625,0.41873077218951327,0.4122,0.0065307721895132564
45,12,post_shift,0.20625,0.8576983162110177,0.8566,0.0010983162110176359
45,13,post_shift,0.13125,0.5413892967633811,0.5466,0.005210703236618874
45,14,post_shift,0.14375,0.6042979809589556,0.5994,0.00489798095895555
45,15,post_shift,0.15625,0.4281809342445589,0.4246,0.0035809342445589087
45,16,post_shift,0.11875,0.6181613919848682,0.6162,0.0019613919848682215
45,17,post_shift,0.2,0.6363205026430018,0.644,0.007679497356998244
46,0,pre_shift,0.08125,0.10949216042240606,0.1162,0.006707839577593938
46,1,pre_shift,0.125,0.11370138268801774,0.1162,0.002498617311982254
46,2,pre_shift,0.0875,0.053234077315520774,0.0502,0.0030340773155207723
46,3,pre_shift,0.1125,0.09619985490667686,0.0958,0.00039985490667686363
46,4,pre_shift,0.1,0.04159468573630547,0.0428,0.0012053142636945305
46,5,pre_shift,0.1,0.027604068958821858,0.0268,0.0008040689588218568
46,6,pre_shift,0.1625,0.015461891063065123,0.014,0.0014618910630651225
46,7,pre_shift,0.2,0.0012124440084993748,0.0012,1.2444008499374942e-05
46,8,pre_shift,0.325,0.002252949354867791,0.002,0.0002529493548677911
46,9,post_shift,0.425,0.0028070329690817017,0.0032,0.00039296703091829845
46,10,post_shift,0.38125,0.00047520987276806066,0.0002,0.0002752098727680606
46,11,post_shift,0.30625,0.0017412291529815454,0.0014,0.00034122915298154537
46,12,post_shift,0.30625,0.008838795724441746,0.0092,0.0003612042755582537
46,13,post_shift,0.3,0.001809827775840513,0.0014,0.0004098277758405129
46,14,post_shift,0.26875,0.005925508072547036,0.0048,0.0011255080725470368
46,15,post_shift,0.35625,0.0030347510654162827,0.0042,0.001165248934583717
46,16,post_shift,0.325,0.0005081046743018501,0.0002,0.00030810467430185016
46,17,post_shift,0.3,0.004289799121003326,0.0036,0.0006897991210033259
47,0,pre_shift,0.05,0.18525136692761776,0.1898,0.0045486330723822355
47,1,pre_shift,0.075,0.22431817160371037,0.218,0.006318171603710371
47,2,pre_shift,0.05625,0.18835718613716698,0.1848,0.00355718613716699
47,3,pre_shift,0.09375,0.22584173666985058,0.2228,0.003041736669850581
47,4,pre_shift,0.0625,0.29651159266047694,0.2982,0.0016884073395230792
47,5,pre_shift,0.06875,0.29583022113465507,0.2986,0.0027697788653449074
47,6,pre_shift,0.13125,0.17046089169303483,0.1678,0.0026608916930348225
47,7,pre_shift,0.15,0.03401380414703803,0.0306,0.0034138041470380305
47,8,pre_shift,0.16875,0.01567041294585948,0.0174,0.0017295870541405196
47,9,post_shift,0.4375,0.017818506953866945,0.0206,0.002781493046133055
47,10,post_shift,0.3,0.012887408283334907,0.0142,0.0013125917166650937
47,11,post_shift,0.28125,0.08807763510095198,0.089,0.0009223648990480116
47,12,post_shift,0.34375,0.03150075629850598,0.0308,0.0007007562985059806
47,13,post_shift,0.35,0.02429408432771158,0.0244,0.00010591567228842094
47,14,post_shift,0.3625,0.07291549759853717,0.0744,0.00148450240146282
47,15,post_shift,0.33125,0.044659907727376075,0.0432,0.0014599077273760724
47,16,post_shift,0.33125,0.018530891610748383,0.0192,0.0006691083892516152
47,17,post_shift,0.34375,0.059091482168056805,0.0562,0.0028914821680568054
