benchmark,seed,state_id,pool_id,scorer,N,real_utility,normalized_real_utility,success
FetchPickAndPlace-v4,64001,0,FetchPickAndPlace-v4:eval:64001:0,random,1,-0.29447243178806626,0.5251741772562037,0.0
FetchPickAndPlace-v4,64001,0,FetchPickAndPlace-v4:eval:64001:0,random,2,-0.2951372917275,0.5089488162095859,0.0
FetchPickAndPlace-v4,64001,0,FetchPickAndPlace-v4:eval:64001:0,random,4,-0.2959674878407533,0.4886885615633112,0.0
FetchPickAndPlace-v4,64001,0,FetchPickAndPlace-v4:eval:64001:0,random,8,-0.2968023817368471,0.4683136613831671,0.0
FetchPickAndPlace-v4,64001,0,FetchPickAndPlace-v4:eval:64001:0,random,16,-0.2960750538077184,0.48606350243909247,0.0
FetchPickAndPlace-v4,64001,0,FetchPickAndPlace-v4:eval:64001:0,random,32,-0.2939867407425326,0.537027068524706,0.0
FetchPickAndPlace-v4,64001,0,FetchPickAndPlace-v4:eval:64001:0,clip_task_text,1,-0.2944724317880662,0.5251741772562036,0.0
FetchPickAndPlace-v4,64001,0,FetchPickAndPlace-v4:eval:64001:0,clip_task_text,2,-0.2929094901353544,0.5633164852912541,0.0
FetchPickAndPlace-v4,64001,0,FetchPickAndPlace-v4:eval:64001:0,clip_task_text,4,-0.2932526995344728,0.5549407416421,0.0
FetchPickAndPlace-v4,64001,0,FetchPickAndPlace-v4:eval:64001:0,clip_task_text,8,-0.2949054506579454,0.5146067071966113,0.0
FetchPickAndPlace-v4,64001,0,FetchPickAndPlace-v4:eval:64001:0,clip_task_text,16,-0.29704738640376743,0.4623345236082632,0.0
FetchPickAndPlace-v4,64001,0,FetchPickAndPlace-v4:eval:64001:0,clip_task_text,32,-0.2999569570104813,0.39132884138176693,0.0
FetchPickAndPlace-v4,64001,0,FetchPickAndPlace-v4:eval:64001:0,clip_mismatch_text,1,-0.29447243178806626,0.5251741772562037,0.0
FetchPickAndPlace-v4,64001,0,FetchPickAndPlace-v4:eval:64001:0,clip_mismatch_text,2,-0.2921083091564745,0.5828686494013087,0.0
FetchPickAndPlace-v4,64001,0,FetchPickAndPlace-v4:eval:64001:0,clip_mismatch_text,4,-0.2910497563943867,0.6087017606072518,0.0
FetchPickAndPlace-v4,64001,0,FetchPickAndPlace-v4:eval:64001:0,clip_mismatch_text,8,-0.2899396000839943,0.6357942140488595,0.0
FetchPickAndPlace-v4,64001,0,FetchPickAndPlace-v4:eval:64001:0,clip_mismatch_text,16,-0.28797568364578224,0.6837219825688226,0.0
FetchPickAndPlace-v4,64001,0,FetchPickAndPlace-v4:eval:64001:0,clip_mismatch_text,32,-0.28679349485779215,0.7125723294956343,0.0
FetchPickAndPlace-v4,64001,0,FetchPickAndPlace-v4:eval:64001:0,clip_ridge,1,-0.2944724317880662,0.5251741772562037,0.0
FetchPickAndPlace-v4,64001,0,FetchPickAndPlace-v4:eval:64001:0,clip_ridge,2,-0.2924332251782702,0.5749393406089081,0.0
FetchPickAndPlace-v4,64001,0,FetchPickAndPlace-v4:eval:64001:0,clip_ridge,4,-0.2921521493541368,0.5817987653652323,0.0
FetchPickAndPlace-v4,64001,0,FetchPickAndPlace-v4:eval:64001:0,clip_ridge,8,-0.29263271988778927,0.5700708359858235,0.0
FetchPickAndPlace-v4,64001,0,FetchPickAndPlace-v4:eval:64001:0,clip_ridge,16,-0.29290770213566414,0.5633601199559478,0.0
FetchPickAndPlace-v4,64001,0,FetchPickAndPlace-v4:eval:64001:0,clip_ridge,32,-0.2932920429178723,0.5539805986667297,0.0
FetchPickAndPlace-v4,64001,0,FetchPickAndPlace-v4:eval:64001:0,clip_ridge_shuffled,1,-0.2944724317880662,0.5251741772562036,0.0
FetchPickAndPlace-v4,64001,0,FetchPickAndPlace-v4:eval:64001:0,clip_ridge_shuffled,2,-0.2933932526094294,0.5515106592260577,0.0
FetchPickAndPlace-v4,64001,0,FetchPickAndPlace-v4:eval:64001:0,clip_ridge_shuffled,4,-0.29296157512360266,0.5620453939089741,0.0
FetchPickAndPlace-v4,64001,0,FetchPickAndPlace-v4:eval:64001:0,clip_ridge_shuffled,8,-0.2927051033518434,0.5683043769642684,0.0
FetchPickAndPlace-v4,64001,0,FetchPickAndPlace-v4:eval:64001:0,clip_ridge_shuffled,16,-0.2927528403515508,0.5671393946731198,0.0
FetchPickAndPlace-v4,64001,0,FetchPickAndPlace-v4:eval:64001:0,clip_ridge_shuffled,32,-0.2935802943791346,0.546946058376666,0.0
FetchPickAndPlace-v4,64001,0,FetchPickAndPlace-v4:eval:64001:0,low_energy,1,-0.29447243178806615,0.5251741772562037,0.0
FetchPickAndPlace-v4,64001,0,FetchPickAndPlace-v4:eval:64001:0,low_energy,2,-0.289026697001787,0.6580728643793308,0.0
FetchPickAndPlace-v4,64001,0,FetchPickAndPlace-v4:eval:64001:0,low_energy,4,-0.2845272904935659,0.7678771867055749,0.0
FetchPickAndPlace-v4,64001,0,FetchPickAndPlace-v4:eval:64001:0,low_energy,8,-0.28090178457248627,0.8563546825767641,0.0
FetchPickAndPlace-v4,64001,0,FetchPickAndPlace-v4:eval:64001:0,low_energy,16,-0.27813049181027233,0.9239858075188025,0.0
FetchPickAndPlace-v4,64001,0,FetchPickAndPlace-v4:eval:64001:0,low_energy,32,-0.27630906452032616,0.968436245342909,0.0
FetchPickAndPlace-v4,64001,0,FetchPickAndPlace-v4:eval:64001:0,oracle_real_utility,1,-0.29447243178806615,0.5251741772562037,0.0
FetchPickAndPlace-v4,64001,0,FetchPickAndPlace-v4:eval:64001:0,oracle_real_utility,2,-0.289026697001787,0.6580728643793308,0.0
FetchPickAndPlace-v4,64001,0,FetchPickAndPlace-v4:eval:64001:0,oracle_real_utility,4,-0.2845272904935659,0.7678771867055749,0.0
FetchPickAndPlace-v4,64001,0,FetchPickAndPlace-v4:eval:64001:0,oracle_real_utility,8,-0.28090178457248627,0.8563546825767641,0.0
FetchPickAndPlace-v4,64001,0,FetchPickAndPlace-v4:eval:64001:0,oracle_real_utility,16,-0.27813049181027233,0.9239858075188025,0.0
FetchPickAndPlace-v4,64001,0,FetchPickAndPlace-v4:eval:64001:0,oracle_real_utility,32,-0.27630906452032616,0.968436245342909,0.0
FetchPickAndPlace-v4,64001,1,FetchPickAndPlace-v4:eval:64001:1,random,1,-0.08906466111095813,0.8690064285875183,0.0
FetchPickAndPlace-v4,64001,1,FetchPickAndPlace-v4:eval:64001:1,random,2,-0.09210749046897654,0.8566142751566567,0.0
FetchPickAndPlace-v4,64001,1,FetchPickAndPlace-v4:eval:64001:1,random,4,-0.09690102465505664,0.8370922434812856,0.0
FetchPickAndPlace-v4,64001,1,FetchPickAndPlace-v4:eval:64001:1,random,8,-0.09861626711320416,0.8301067884289081,0.0
FetchPickAndPlace-v4,64001,1,FetchPickAndPlace-v4:eval:64001:1,random,16,-0.08817992374644497,0.8726095886326819,0.0
FetchPickAndPlace-v4,64001,1,FetchPickAndPlace-v4:eval:64001:1,random,32,-0.06882567790347965,0.9514312233039186,0.0
FetchPickAndPlace-v4,64001,1,FetchPickAndPlace-v4:eval:64001:1,clip_task_text,1,-0.08906466111095815,0.8690064285875182,0.0
FetchPickAndPlace-v4,64001,1,FetchPickAndPlace-v4:eval:64001:1,clip_task_text,2,-0.0839661733175103,0.8897704069668139,0.0
FetchPickAndPlace-v4,64001,1,FetchPickAndPlace-v4:eval:64001:1,clip_task_text,4,-0.08489736760977057,0.8859780475585469,0.0
FetchPickAndPlace-v4,64001,1,FetchPickAndPlace-v4:eval:64001:1,clip_task_text,8,-0.08823998643619653,0.872364978771498,0.0
FetchPickAndPlace-v4,64001,1,FetchPickAndPlace-v4:eval:64001:1,clip_task_text,16,-0.0909311475993432,0.8614050207465735,0.0
FetchPickAndPlace-v4,64001,1,FetchPickAndPlace-v4:eval:64001:1,clip_task_text,32,-0.09025775682861206,0.864147455752939,0.0
FetchPickAndPlace-v4,64001,1,FetchPickAndPlace-v4:eval:64001:1,clip_mismatch_text,1,-0.08906466111095815,0.8690064285875181,0.0
FetchPickAndPlace-v4,64001,1,FetchPickAndPlace-v4:eval:64001:1,clip_mismatch_text,2,-0.08147846528946845,0.8999017866623077,0.0
FetchPickAndPlace-v4,64001,1,FetchPickAndPlace-v4:eval:64001:1,clip_mismatch_text,4,-0.07938229051689377,0.9084386174678853,0.0
FetchPickAndPlace-v4,64001,1,FetchPickAndPlace-v4:eval:64001:1,clip_mismatch_text,8,-0.0780795837944485,0.9137439894360557,0.0
FetchPickAndPlace-v4,64001,1,FetchPickAndPlace-v4:eval:64001:1,clip_mismatch_text,16,-0.07695179711380315,0.9183369862621873,0.0
FetchPickAndPlace-v4,64001,1,FetchPickAndPlace-v4:eval:64001:1,clip_mismatch_text,32,-0.07698329385122388,0.9182087134092715,0.0
FetchPickAndPlace-v4,64001,1,FetchPickAndPlace-v4:eval:64001:1,clip_ridge,1,-0.08906466111095812,0.8690064285875182,0.0
FetchPickAndPlace-v4,64001,1,FetchPickAndPlace-v4:eval:64001:1,clip_ridge,2,-0.08956544505711829,0.8669669479705143,0.0
FetchPickAndPlace-v4,64001,1,FetchPickAndPlace-v4:eval:64001:1,clip_ridge,4,-0.08613908843051106,0.8809210453022878,0.0
FetchPickAndPlace-v4,64001,1,FetchPickAndPlace-v4:eval:64001:1,clip_ridge,8,-0.08400607511973479,0.8896079038497625,0.0
FetchPickAndPlace-v4,64001,1,FetchPickAndPlace-v4:eval:64001:1,clip_ridge,16,-0.08476169100706395,0.8865306008173381,0.0
FetchPickAndPlace-v4,64001,1,FetchPickAndPlace-v4:eval:64001:1,clip_ridge,32,-0.0843950581253645,0.8880237410458054,0.0
FetchPickAndPlace-v4,64001,1,FetchPickAndPlace-v4:eval:64001:1,clip_ridge_shuffled,1,-0.08906466111095813,0.8690064285875182,0.0
FetchPickAndPlace-v4,64001,1,FetchPickAndPlace-v4:eval:64001:1,clip_ridge_shuffled,2,-0.09481528847360551,0.8455865623324991,0.0
FetchPickAndPlace-v4,64001,1,FetchPickAndPlace-v4:eval:64001:1,clip_ridge_shuffled,4,-0.10315555213923698,0.8116202057486213,0.0
FetchPickAndPlace-v4,64001,1,FetchPickAndPlace-v4:eval:64001:1,clip_ridge_shuffled,8,-0.1111649893665374,0.7790011649358304,0.0
FetchPickAndPlace-v4,64001,1,FetchPickAndPlace-v4:eval:64001:1,clip_ridge_shuffled,16,-0.10996291581907099,0.7838967006635009,0.0
FetchPickAndPlace-v4,64001,1,FetchPickAndPlace-v4:eval:64001:1,clip_ridge_shuffled,32,-0.09752072147903203,0.8345684811470344,0.0
FetchPickAndPlace-v4,64001,1,FetchPickAndPlace-v4:eval:64001:1,low_energy,1,-0.08906466111095813,0.8690064285875181,0.0
FetchPickAndPlace-v4,64001,1,FetchPickAndPlace-v4:eval:64001:1,low_energy,2,-0.07553741027488131,0.9240971839782779,0.0
FetchPickAndPlace-v4,64001,1,FetchPickAndPlace-v4:eval:64001:1,low_energy,4,-0.06666648843009405,0.9602246862596988,0.0
FetchPickAndPlace-v4,64001,1,FetchPickAndPlace-v4:eval:64001:1,low_energy,8,-0.06078182940786395,0.9841904066178294,0.0
FetchPickAndPlace-v4,64001,1,FetchPickAndPlace-v4:eval:64001:1,low_energy,16,-0.05824151737736928,0.9945360201045661,0.0
FetchPickAndPlace-v4,64001,1,FetchPickAndPlace-v4:eval:64001:1,low_energy,32,-0.05747009585501158,0.9976776927848741,0.0
FetchPickAndPlace-v4,64001,1,FetchPickAndPlace-v4:eval:64001:1,oracle_real_utility,1,-0.08906466111095813,0.8690064285875181,0.0
FetchPickAndPlace-v4,64001,1,FetchPickAndPlace-v4:eval:64001:1,oracle_real_utility,2,-0.0747679013236554,0.9272310675675379,0.0
FetchPickAndPlace-v4,64001,1,FetchPickAndPlace-v4:eval:64001:1,oracle_real_utility,4,-0.0666543642713452,0.9602740628161067,0.0
FetchPickAndPlace-v4,64001,1,FetchPickAndPlace-v4:eval:64001:1,oracle_real_utility,8,-0.0607818282629627,0.9841904112805265,0.0
FetchPickAndPlace-v4,64001,1,FetchPickAndPlace-v4:eval:64001:1,oracle_real_utility,16,-0.05824151737736928,0.9945360201045661,0.0
FetchPickAndPlace-v4,64001,1,FetchPickAndPlace-v4:eval:64001:1,oracle_real_utility,32,-0.05747009585501158,0.9976776927848741,0.0
FetchPickAndPlace-v4,64002,0,FetchPickAndPlace-v4:eval:64002:0,random,1,-0.2156877965104342,0.5857889183647245,0.0
FetchPickAndPlace-v4,64002,0,FetchPickAndPlace-v4:eval:64002:0,random,2,-0.21426263256503306,0.6266933059623717,0.0
FetchPickAndPlace-v4,64002,0,FetchPickAndPlace-v4:eval:64002:0,random,4,-0.21371536357096926,0.6424007641292705,0.0
FetchPickAndPlace-v4,64002,0,FetchPickAndPlace-v4:eval:64002:0,random,8,-0.2152644386750733,0.5979399365307297,0.0
FetchPickAndPlace-v4,64002,0,FetchPickAndPlace-v4:eval:64002:0,random,16,-0.219740990263958,0.4694560509514777,0.0
FetchPickAndPlace-v4,64002,0,FetchPickAndPlace-v4:eval:64002:0,random,32,-0.22652435163414686,0.27476319221303847,0.0
FetchPickAndPlace-v4,64002,0,FetchPickAndPlace-v4:eval:64002:0,clip_task_text,1,-0.2156877965104342,0.5857889183647247,0.0
FetchPickAndPlace-v4,64002,0,FetchPickAndPlace-v4:eval:64002:0,clip_task_text,2,-0.21777936303007855,0.5257577564188556,0.0
FetchPickAndPlace-v4,64002,0,FetchPickAndPlace-v4:eval:64002:0,clip_task_text,4,-0.21959736486222148,0.47357831991600935,0.0
FetchPickAndPlace-v4,64002,0,FetchPickAndPlace-v4:eval:64002:0,clip_task_text,8,-0.22023521533450316,0.4552710346161371,0.0
FetchPickAndPlace-v4,64002,0,FetchPickAndPlace-v4:eval:64002:0,clip_task_text,16,-0.21964977863886403,0.472073964264745,0.0
FetchPickAndPlace-v4,64002,0,FetchPickAndPlace-v4:eval:64002:0,clip_task_text,32,-0.2180283404497429,0.5186117232134304,0.0
FetchPickAndPlace-v4,64002,0,FetchPickAndPlace-v4:eval:64002:0,clip_mismatch_text,1,-0.2156877965104342,0.5857889183647247,0.0
FetchPickAndPlace-v4,64002,0,FetchPickAndPlace-v4:eval:64002:0,clip_mismatch_text,2,-0.2175840751649834,0.5313628171929138,0.0
FetchPickAndPlace-v4,64002,0,FetchPickAndPlace-v4:eval:64002:0,clip_mismatch_text,4,-0.21867456653456122,0.5000640450081151,0.0
FetchPickAndPlace-v4,64002,0,FetchPickAndPlace-v4:eval:64002:0,clip_mismatch_text,8,-0.21887957367476302,0.4941800261552943,0.0
FetchPickAndPlace-v4,64002,0,FetchPickAndPlace-v4:eval:64002:0,clip_mismatch_text,16,-0.21858720726660041,0.5025713897725157,0.0
FetchPickAndPlace-v4,64002,0,FetchPickAndPlace-v4:eval:64002:0,clip_mismatch_text,32,-0.21706223876972472,0.5463403208289676,0.0
FetchPickAndPlace-v4,64002,0,FetchPickAndPlace-v4:eval:64002:0,clip_ridge,1,-0.2156877965104342,0.5857889183647246,0.0
FetchPickAndPlace-v4,64002,0,FetchPickAndPlace-v4:eval:64002:0,clip_ridge,2,-0.2160059726585509,0.5766567756881662,0.0
FetchPickAndPlace-v4,64002,0,FetchPickAndPlace-v4:eval:64002:0,clip_ridge,4,-0.21667043419377713,0.5575857121320577,0.0
FetchPickAndPlace-v4,64002,0,FetchPickAndPlace-v4:eval:64002:0,clip_ridge,8,-0.21784580864320968,0.5238506655733077,0.0
FetchPickAndPlace-v4,64002,0,FetchPickAndPlace-v4:eval:64002:0,clip_ridge,16,-0.218124150097517,0.5158618396082542,0.0
FetchPickAndPlace-v4,64002,0,FetchPickAndPlace-v4:eval:64002:0,clip_ridge,32,-0.21746084298503765,0.5348997694637516,0.0
FetchPickAndPlace-v4,64002,0,FetchPickAndPlace-v4:eval:64002:0,clip_ridge_shuffled,1,-0.2156877965104342,0.5857889183647247,0.0
FetchPickAndPlace-v4,64002,0,FetchPickAndPlace-v4:eval:64002:0,clip_ridge_shuffled,2,-0.215004332085455,0.6054053939560183,0.0
FetchPickAndPlace-v4,64002,0,FetchPickAndPlace-v4:eval:64002:0,clip_ridge_shuffled,4,-0.21539476605139735,0.5941993412589046,0.0
FetchPickAndPlace-v4,64002,0,FetchPickAndPlace-v4:eval:64002:0,clip_ridge_shuffled,8,-0.21568403518607243,0.5858968741336542,0.0
FetchPickAndPlace-v4,64002,0,FetchPickAndPlace-v4:eval:64002:0,clip_ridge_shuffled,16,-0.21621955154818306,0.5705267345007081,0.0
FetchPickAndPlace-v4,64002,0,FetchPickAndPlace-v4:eval:64002:0,clip_ridge_shuffled,32,-0.21796716501764646,0.5203675517930125,0.0
FetchPickAndPlace-v4,64002,0,FetchPickAndPlace-v4:eval:64002:0,low_energy,1,-0.21568779651043418,0.5857889183647247,0.0
FetchPickAndPlace-v4,64002,0,FetchPickAndPlace-v4:eval:64002:0,low_energy,2,-0.21101713505071645,0.7198440544788411,0.0
FetchPickAndPlace-v4,64002,0,FetchPickAndPlace-v4:eval:64002:0,low_energy,4,-0.20789222519453204,0.8095337525500979,0.0
FetchPickAndPlace-v4,64002,0,FetchPickAndPlace-v4:eval:64002:0,low_energy,8,-0.2057905902044535,0.8698538950153564,0.0
FetchPickAndPlace-v4,64002,0,FetchPickAndPlace-v4:eval:64002:0,low_energy,16,-0.20415553748829435,0.9167824117380641,0.0
FetchPickAndPlace-v4,64002,0,FetchPickAndPlace-v4:eval:64002:0,low_energy,32,-0.2027659771951103,0.9566649199969295,0.0
FetchPickAndPlace-v4,64002,0,FetchPickAndPlace-v4:eval:64002:0,oracle_real_utility,1,-0.21568779651043418,0.5857889183647247,0.0
FetchPickAndPlace-v4,64002,0,FetchPickAndPlace-v4:eval:64002:0,oracle_real_utility,2,-0.21101713505071645,0.7198440544788411,0.0
FetchPickAndPlace-v4,64002,0,FetchPickAndPlace-v4:eval:64002:0,oracle_real_utility,4,-0.20789222519453204,0.8095337525500979,0.0
FetchPickAndPlace-v4,64002,0,FetchPickAndPlace-v4:eval:64002:0,oracle_real_utility,8,-0.2057905902044535,0.8698538950153564,0.0
FetchPickAndPlace-v4,64002,0,FetchPickAndPlace-v4:eval:64002:0,oracle_real_utility,16,-0.20415553748829435,0.9167824117380641,0.0
FetchPickAndPlace-v4,64002,0,FetchPickAndPlace-v4:eval:64002:0,oracle_real_utility,32,-0.2027659771951103,0.9566649199969295,0.0
FetchPickAndPlace-v4,64002,1,FetchPickAndPlace-v4:eval:64002:1,random,1,-0.3229121618916798,0.446889142885429,0.0
FetchPickAndPlace-v4,64002,1,FetchPickAndPlace-v4:eval:64002:1,random,2,-0.32262338669076723,0.45843108240980196,0.0
FetchPickAndPlace-v4,64002,1,FetchPickAndPlace-v4:eval:64002:1,random,4,-0.32175266934390084,0.4932324328325324,0.0
FetchPickAndPlace-v4,64002,1,FetchPickAndPlace-v4:eval:64002:1,random,8,-0.32045639057291336,0.5450428761607125,0.0
FetchPickAndPlace-v4,64002,1,FetchPickAndPlace-v4:eval:64002:1,random,16,-0.31863361958329994,0.617896474608268,0.0
FetchPickAndPlace-v4,64002,1,FetchPickAndPlace-v4:eval:64002:1,random,32,-0.31696980238519323,0.6843969130789895,0.0
FetchPickAndPlace-v4,64002,1,FetchPickAndPlace-v4:eval:64002:1,clip_task_text,1,-0.32291216189167976,0.4468891428854291,0.0
FetchPickAndPlace-v4,64002,1,FetchPickAndPlace-v4:eval:64002:1,clip_task_text,2,-0.3223137481632037,0.47080689982162,0.0
FetchPickAndPlace-v4,64002,1,FetchPickAndPlace-v4:eval:64002:1,clip_task_text,4,-0.32206899480137485,0.48058934821638255,0.0
FetchPickAndPlace-v4,64002,1,FetchPickAndPlace-v4:eval:64002:1,clip_task_text,8,-0.32284878807088185,0.44942210556632284,0.0
FetchPickAndPlace-v4,64002,1,FetchPickAndPlace-v4:eval:64002:1,clip_task_text,16,-0.3244771384542242,0.38433922590895553,0.0
FetchPickAndPlace-v4,64002,1,FetchPickAndPlace-v4:eval:64002:1,clip_task_text,32,-0.3271713320331539,0.2766560894876575,0.0
FetchPickAndPlace-v4,64002,1,FetchPickAndPlace-v4:eval:64002:1,clip_mismatch_text,1,-0.3229121618916798,0.446889142885429,0.0
FetchPickAndPlace-v4,64002,1,FetchPickAndPlace-v4:eval:64002:1,clip_mismatch_text,2,-0.3225596382399705,0.46097901852600376,0.0
FetchPickAndPlace-v4,64002,1,FetchPickAndPlace-v4:eval:64002:1,clip_mismatch_text,4,-0.3223506430885526,0.4693322614323516,0.0
FetchPickAndPlace-v4,64002,1,FetchPickAndPlace-v4:eval:64002:1,clip_mismatch_text,8,-0.32249638485533016,0.4635071675426897,0.0
FetchPickAndPlace-v4,64002,1,FetchPickAndPlace-v4:eval:64002:1,clip_mismatch_text,16,-0.32261955504287165,0.4585842279990027,0.0
FetchPickAndPlace-v4,64002,1,FetchPickAndPlace-v4:eval:64002:1,clip_mismatch_text,32,-0.3220818732276279,0.4800746155921408,0.0
FetchPickAndPlace-v4,64002,1,FetchPickAndPlace-v4:eval:64002:1,clip_ridge,1,-0.32291216189167987,0.44688914288542897,0.0
FetchPickAndPlace-v4,64002,1,FetchPickAndPlace-v4:eval:64002:1,clip_ridge,2,-0.3220993596349854,0.4793757084298142,0.0
FetchPickAndPlace-v4,64002,1,FetchPickAndPlace-v4:eval:64002:1,clip_ridge,4,-0.32241392596305624,0.4668029337472174,0.0
FetchPickAndPlace-v4,64002,1,FetchPickAndPlace-v4:eval:64002:1,clip_ridge,8,-0.3234561049265522,0.4251485031304926,0.0
FetchPickAndPlace-v4,64002,1,FetchPickAndPlace-v4:eval:64002:1,clip_ridge,16,-0.32428895221409515,0.39186076583352314,0.0
FetchPickAndPlace-v4,64002,1,FetchPickAndPlace-v4:eval:64002:1,clip_ridge,32,-0.32487240463315487,0.36854099143857844,0.0
FetchPickAndPlace-v4,64002,1,FetchPickAndPlace-v4:eval:64002:1,clip_ridge_shuffled,1,-0.3229121618916799,0.44688914288542897,0.0
FetchPickAndPlace-v4,64002,1,FetchPickAndPlace-v4:eval:64002:1,clip_ridge_shuffled,2,-0.3215318026244287,0.5020601656539045,0.0
FetchPickAndPlace-v4,64002,1,FetchPickAndPlace-v4:eval:64002:1,clip_ridge_shuffled,4,-0.3206703938671662,0.5364894648134884,0.0
FetchPickAndPlace-v4,64002,1,FetchPickAndPlace-v4:eval:64002:1,clip_ridge_shuffled,8,-0.3200534166465146,0.5611491784806307,0.0
FetchPickAndPlace-v4,64002,1,FetchPickAndPlace-v4:eval:64002:1,clip_ridge_shuffled,16,-0.3188611069534141,0.6088041236719051,0.0
FetchPickAndPlace-v4,64002,1,FetchPickAndPlace-v4:eval:64002:1,clip_ridge_shuffled,32,-0.31715983089280436,0.6768017403085341,0.0
FetchPickAndPlace-v4,64002,1,FetchPickAndPlace-v4:eval:64002:1,low_energy,1,-0.3229121618916798,0.446889142885429,0.0
FetchPickAndPlace-v4,64002,1,FetchPickAndPlace-v4:eval:64002:1,low_energy,2,-0.31911822205879115,0.5985275937355167,0.0
FetchPickAndPlace-v4,64002,1,FetchPickAndPlace-v4:eval:64002:1,low_energy,4,-0.31570758528554954,0.7348459592044069,0.0
FetchPickAndPlace-v4,64002,1,FetchPickAndPlace-v4:eval:64002:1,low_energy,8,-0.3128755740213461,0.8480374750980162,0.0
FetchPickAndPlace-v4,64002,1,FetchPickAndPlace-v4:eval:64002:1,low_energy,16,-0.3108498625963483,0.9290023179490172,0.0
FetchPickAndPlace-v4,64002,1,FetchPickAndPlace-v4:eval:64002:1,low_energy,32,-0.30971061838156383,0.9745363104420667,0.0
FetchPickAndPlace-v4,64002,1,FetchPickAndPlace-v4:eval:64002:1,oracle_real_utility,1,-0.3229121618916798,0.446889142885429,0.0
FetchPickAndPlace-v4,64002,1,FetchPickAndPlace-v4:eval:64002:1,oracle_real_utility,2,-0.31911822205879115,0.5985275937355167,0.0
FetchPickAndPlace-v4,64002,1,FetchPickAndPlace-v4:eval:64002:1,oracle_real_utility,4,-0.31570758528554954,0.7348459592044069,0.0
FetchPickAndPlace-v4,64002,1,FetchPickAndPlace-v4:eval:64002:1,oracle_real_utility,8,-0.3128755740213461,0.8480374750980162,0.0
FetchPickAndPlace-v4,64002,1,FetchPickAndPlace-v4:eval:64002:1,oracle_real_utility,16,-0.3108498625963483,0.9290023179490172,0.0
FetchPickAndPlace-v4,64002,1,FetchPickAndPlace-v4:eval:64002:1,oracle_real_utility,32,-0.30971061838156383,0.9745363104420667,0.0
FetchPickAndPlace-v4,64003,0,FetchPickAndPlace-v4:eval:64003:0,random,1,-0.31795866504242964,0.5647438678543123,0.0
FetchPickAndPlace-v4,64003,0,FetchPickAndPlace-v4:eval:64003:0,random,2,-0.3177524473194744,0.5706683121998221,0.0
FetchPickAndPlace-v4,64003,0,FetchPickAndPlace-v4:eval:64003:0,random,4,-0.31634400468112367,0.6111315658192193,0.0
FetchPickAndPlace-v4,64003,0,FetchPickAndPlace-v4:eval:64003:0,random,8,-0.31497521246968263,0.6504556993662193,0.0
FetchPickAndPlace-v4,64003,0,FetchPickAndPlace-v4:eval:64003:0,random,16,-0.3154098088052071,0.6379701488243973,0.0
FetchPickAndPlace-v4,64003,0,FetchPickAndPlace-v4:eval:64003:0,random,32,-0.3174959252488884,0.578037953900848,0.0
FetchPickAndPlace-v4,64003,0,FetchPickAndPlace-v4:eval:64003:0,clip_task_text,1,-0.3179586650424297,0.5647438678543124,0.0
FetchPickAndPlace-v4,64003,0,FetchPickAndPlace-v4:eval:64003:0,clip_task_text,2,-0.3211297187231231,0.47364243011818014,0.0
FetchPickAndPlace-v4,64003,0,FetchPickAndPlace-v4:eval:64003:0,clip_task_text,4,-0.3246973174910519,0.37114861899074186,0.0
FetchPickAndPlace-v4,64003,0,FetchPickAndPlace-v4:eval:64003:0,clip_task_text,8,-0.327949209820796,0.2777247616759069,0.0
FetchPickAndPlace-v4,64003,0,FetchPickAndPlace-v4:eval:64003:0,clip_task_text,16,-0.33009689127494135,0.21602386097432053,0.0
FetchPickAndPlace-v4,64003,0,FetchPickAndPlace-v4:eval:64003:0,clip_task_text,32,-0.3301366474323606,0.2148817033622291,0.0
FetchPickAndPlace-v4,64003,0,FetchPickAndPlace-v4:eval:64003:0,clip_mismatch_text,1,-0.31795866504242964,0.5647438678543126,0.0
FetchPickAndPlace-v4,64003,0,FetchPickAndPlace-v4:eval:64003:0,clip_mismatch_text,2,-0.3202846636773411,0.4979200795649973,0.0
FetchPickAndPlace-v4,64003,0,FetchPickAndPlace-v4:eval:64003:0,clip_mismatch_text,4,-0.3217240420289418,0.45656807153200646,0.0
FetchPickAndPlace-v4,64003,0,FetchPickAndPlace-v4:eval:64003:0,clip_mismatch_text,8,-0.32158106884223,0.46067555887807576,0.0
FetchPickAndPlace-v4,64003,0,FetchPickAndPlace-v4:eval:64003:0,clip_mismatch_text,16,-0.320191127681581,0.5006072821644704,0.0
FetchPickAndPlace-v4,64003,0,FetchPickAndPlace-v4:eval:64003:0,clip_mismatch_text,32,-0.3169539253144249,0.5936091104483197,0.0
FetchPickAndPlace-v4,64003,0,FetchPickAndPlace-v4:eval:64003:0,clip_ridge,1,-0.31795866504242953,0.5647438678543125,0.0
FetchPickAndPlace-v4,64003,0,FetchPickAndPlace-v4:eval:64003:0,clip_ridge,2,-0.3156517164136194,0.6310203670973192,0.0
FetchPickAndPlace-v4,64003,0,FetchPickAndPlace-v4:eval:64003:0,clip_ridge,4,-0.3139129530806324,0.6809734285930604,0.0
FetchPickAndPlace-v4,64003,0,FetchPickAndPlace-v4:eval:64003:0,clip_ridge,8,-0.31306333184392254,0.7053822604796561,0.0
FetchPickAndPlace-v4,64003,0,FetchPickAndPlace-v4:eval:64003:0,clip_ridge,16,-0.31215945960247193,0.7313496735282828,0.0
FetchPickAndPlace-v4,64003,0,FetchPickAndPlace-v4:eval:64003:0,clip_ridge,32,-0.31096630049551816,0.7656280305151861,0.0
FetchPickAndPlace-v4,64003,0,FetchPickAndPlace-v4:eval:64003:0,clip_ridge_shuffled,1,-0.31795866504242953,0.5647438678543125,0.0
FetchPickAndPlace-v4,64003,0,FetchPickAndPlace-v4:eval:64003:0,clip_ridge_shuffled,2,-0.3194975218024211,0.5205339372061086,0.0
FetchPickAndPlace-v4,64003,0,FetchPickAndPlace-v4:eval:64003:0,clip_ridge_shuffled,4,-0.3221876748665675,0.4432483291553485,0.0
FetchPickAndPlace-v4,64003,0,FetchPickAndPlace-v4:eval:64003:0,clip_ridge_shuffled,8,-0.3244812016144082,0.37735742813191747,0.0
FetchPickAndPlace-v4,64003,0,FetchPickAndPlace-v4:eval:64003:0,clip_ridge_shuffled,16,-0.32512031842606626,0.35899619357512824,0.0
FetchPickAndPlace-v4,64003,0,FetchPickAndPlace-v4:eval:64003:0,clip_ridge_shuffled,32,-0.32412629858473285,0.3875534637453105,0.0
FetchPickAndPlace-v4,64003,0,FetchPickAndPlace-v4:eval:64003:0,low_energy,1,-0.31795866504242964,0.5647438678543124,0.0
FetchPickAndPlace-v4,64003,0,FetchPickAndPlace-v4:eval:64003:0,low_energy,2,-0.31282190442722196,0.7123182467432316,0.0
FetchPickAndPlace-v4,64003,0,FetchPickAndPlace-v4:eval:64003:0,low_energy,4,-0.30920828859135263,0.8161340856481574,0.0
FetchPickAndPlace-v4,64003,0,FetchPickAndPlace-v4:eval:64003:0,low_energy,8,-0.30666579553184353,0.8891775584110525,0.0
FetchPickAndPlace-v4,64003,0,FetchPickAndPlace-v4:eval:64003:0,low_energy,16,-0.3048013414449001,0.9427415989530631,0.0
FetchPickAndPlace-v4,64003,0,FetchPickAndPlace-v4:eval:64003:0,low_energy,32,-0.3034914278974146,0.980374202971254,0.0
FetchPickAndPlace-v4,64003,0,FetchPickAndPlace-v4:eval:64003:0,oracle_real_utility,1,-0.31795866504242964,0.5647438678543124,0.0
FetchPickAndPlace-v4,64003,0,FetchPickAndPlace-v4:eval:64003:0,oracle_real_utility,2,-0.31282190442722196,0.7123182467432316,0.0
FetchPickAndPlace-v4,64003,0,FetchPickAndPlace-v4:eval:64003:0,oracle_real_utility,4,-0.30920828859135263,0.8161340856481574,0.0
FetchPickAndPlace-v4,64003,0,FetchPickAndPlace-v4:eval:64003:0,oracle_real_utility,8,-0.30666579553184353,0.8891775584110525,0.0
FetchPickAndPlace-v4,64003,0,FetchPickAndPlace-v4:eval:64003:0,oracle_real_utility,16,-0.3048013414449001,0.9427415989530631,0.0
FetchPickAndPlace-v4,64003,0,FetchPickAndPlace-v4:eval:64003:0,oracle_real_utility,32,-0.3034914278974146,0.980374202971254,0.0
FetchPickAndPlace-v4,64003,1,FetchPickAndPlace-v4:eval:64003:1,random,1,-0.2767423362758623,0.5391089764527486,0.0
FetchPickAndPlace-v4,64003,1,FetchPickAndPlace-v4:eval:64003:1,random,2,-0.27688978258728475,0.5345961841205357,0.0
FetchPickAndPlace-v4,64003,1,FetchPickAndPlace-v4:eval:64003:1,random,4,-0.2766455899377253,0.5420700280294372,0.0
FetchPickAndPlace-v4,64003,1,FetchPickAndPlace-v4:eval:64003:1,random,8,-0.27644367159991745,0.548250009866906,0.0
FetchPickAndPlace-v4,64003,1,FetchPickAndPlace-v4:eval:64003:1,random,16,-0.27618394258741846,0.5561993650237163,0.0
FetchPickAndPlace-v4,64003,1,FetchPickAndPlace-v4:eval:64003:1,random,32,-0.2742824424493008,0.6143973298301266,0.0
FetchPickAndPlace-v4,64003,1,FetchPickAndPlace-v4:eval:64003:1,clip_task_text,1,-0.2767423362758623,0.5391089764527485,0.0
FetchPickAndPlace-v4,64003,1,FetchPickAndPlace-v4:eval:64003:1,clip_task_text,2,-0.2761506218431446,0.5572191911408433,0.0
FetchPickAndPlace-v4,64003,1,FetchPickAndPlace-v4:eval:64003:1,clip_task_text,4,-0.27518174592935996,0.5868729393588359,0.0
FetchPickAndPlace-v4,64003,1,FetchPickAndPlace-v4:eval:64003:1,clip_task_text,8,-0.2740933159873412,0.6201857991320444,0.0
FetchPickAndPlace-v4,64003,1,FetchPickAndPlace-v4:eval:64003:1,clip_task_text,16,-0.27338826745257105,0.6417647561832825,0.0
FetchPickAndPlace-v4,64003,1,FetchPickAndPlace-v4:eval:64003:1,clip_task_text,32,-0.2728672649050745,0.657710738681748,0.0
FetchPickAndPlace-v4,64003,1,FetchPickAndPlace-v4:eval:64003:1,clip_mismatch_text,1,-0.27674233627586237,0.5391089764527486,0.0
FetchPickAndPlace-v4,64003,1,FetchPickAndPlace-v4:eval:64003:1,clip_mismatch_text,2,-0.2760832089014079,0.5592824547357501,0.0
FetchPickAndPlace-v4,64003,1,FetchPickAndPlace-v4:eval:64003:1,clip_mismatch_text,4,-0.27472456280787977,0.6008656426359065,0.0
FetchPickAndPlace-v4,64003,1,FetchPickAndPlace-v4:eval:64003:1,clip_mismatch_text,8,-0.27265123667203056,0.6643225728077922,0.0
FetchPickAndPlace-v4,64003,1,FetchPickAndPlace-v4:eval:64003:1,clip_mismatch_text,16,-0.27058428293859266,0.7275844670478717,0.0
FetchPickAndPlace-v4,64003,1,FetchPickAndPlace-v4:eval:64003:1,clip_mismatch_text,32,-0.2695849261828022,0.7581711223610377,0.0
FetchPickAndPlace-v4,64003,1,FetchPickAndPlace-v4:eval:64003:1,clip_ridge,1,-0.27674233627586237,0.5391089764527485,0.0
FetchPickAndPlace-v4,64003,1,FetchPickAndPlace-v4:eval:64003:1,clip_ridge,2,-0.27638477943026996,0.5500524837914741,0.0
FetchPickAndPlace-v4,64003,1,FetchPickAndPlace-v4:eval:64003:1,clip_ridge,4,-0.2768446227726913,0.5359783608807114,0.0
FetchPickAndPlace-v4,64003,1,FetchPickAndPlace-v4:eval:64003:1,clip_ridge,8,-0.27857124075588036,0.4831328992341908,0.0
FetchPickAndPlace-v4,64003,1,FetchPickAndPlace-v4:eval:64003:1,clip_ridge,16,-0.28098823325129485,0.4091575986987203,0.0
FetchPickAndPlace-v4,64003,1,FetchPickAndPlace-v4:eval:64003:1,clip_ridge,32,-0.28470578503461486,0.29537693494034445,0.0
FetchPickAndPlace-v4,64003,1,FetchPickAndPlace-v4:eval:64003:1,clip_ridge_shuffled,1,-0.2767423362758623,0.5391089764527486,0.0
FetchPickAndPlace-v4,64003,1,FetchPickAndPlace-v4:eval:64003:1,clip_ridge_shuffled,2,-0.27670225030705753,0.5403358613500825,0.0
FetchPickAndPlace-v4,64003,1,FetchPickAndPlace-v4:eval:64003:1,clip_ridge_shuffled,4,-0.27729058778678894,0.5223290028422525,0.0
FetchPickAndPlace-v4,64003,1,FetchPickAndPlace-v4:eval:64003:1,clip_ridge_shuffled,8,-0.2777710877782834,0.5076226554516303,0.0
FetchPickAndPlace-v4,64003,1,FetchPickAndPlace-v4:eval:64003:1,clip_ridge_shuffled,16,-0.27796879888443893,0.501571441587789,0.0
FetchPickAndPlace-v4,64003,1,FetchPickAndPlace-v4:eval:64003:1,clip_ridge_shuffled,32,-0.2788386479400645,0.4749485433237366,0.0
FetchPickAndPlace-v4,64003,1,FetchPickAndPlace-v4:eval:64003:1,low_energy,1,-0.27674233627586237,0.5391089764527486,0.0
FetchPickAndPlace-v4,64003,1,FetchPickAndPlace-v4:eval:64003:1,low_energy,2,-0.2722420116026071,0.6768474555100302,0.0
FetchPickAndPlace-v4,64003,1,FetchPickAndPlace-v4:eval:64003:1,low_energy,4,-0.26871466951660544,0.7848064960939047,0.0
FetchPickAndPlace-v4,64003,1,FetchPickAndPlace-v4:eval:64003:1,low_energy,8,-0.26608832650838643,0.8651892501615429,0.0
FetchPickAndPlace-v4,64003,1,FetchPickAndPlace-v4:eval:64003:1,low_energy,16,-0.2642109549725236,0.922648726699295,0.0
FetchPickAndPlace-v4,64003,1,FetchPickAndPlace-v4:eval:64003:1,low_energy,32,-0.2629245792859064,0.9620199817609328,0.0
FetchPickAndPlace-v4,64003,1,FetchPickAndPlace-v4:eval:64003:1,oracle_real_utility,1,-0.27674233627586237,0.5391089764527486,0.0
FetchPickAndPlace-v4,64003,1,FetchPickAndPlace-v4:eval:64003:1,oracle_real_utility,2,-0.2722420116026071,0.6768474555100302,0.0
FetchPickAndPlace-v4,64003,1,FetchPickAndPlace-v4:eval:64003:1,oracle_real_utility,4,-0.26871466951660544,0.7848064960939047,0.0
FetchPickAndPlace-v4,64003,1,FetchPickAndPlace-v4:eval:64003:1,oracle_real_utility,8,-0.26608832650838643,0.8651892501615429,0.0
FetchPickAndPlace-v4,64003,1,FetchPickAndPlace-v4:eval:64003:1,oracle_real_utility,16,-0.2642109549725236,0.922648726699295,0.0
FetchPickAndPlace-v4,64003,1,FetchPickAndPlace-v4:eval:64003:1,oracle_real_utility,32,-0.2629245792859064,0.9620199817609328,0.0
FetchPush-v4,64001,0,FetchPush-v4:eval:64001:0,random,1,-0.21743087365903763,0.5881374137153947,0.0
FetchPush-v4,64001,0,FetchPush-v4:eval:64001:0,random,2,-0.2179148471632897,0.5749368536125573,0.0
FetchPush-v4,64001,0,FetchPush-v4:eval:64001:0,random,4,-0.21949250201453308,0.5319057217377743,0.0
FetchPush-v4,64001,0,FetchPush-v4:eval:64001:0,random,8,-0.22219901403328987,0.45808458430202975,0.0
FetchPush-v4,64001,0,FetchPush-v4:eval:64001:0,random,16,-0.2260100000757151,0.35413850076207654,0.0
FetchPush-v4,64001,0,FetchPush-v4:eval:64001:0,random,32,-0.2303308610679391,0.23628538541022476,0.0
FetchPush-v4,64001,0,FetchPush-v4:eval:64001:0,clip_task_text,1,-0.21743087365903763,0.5881374137153945,0.0
FetchPush-v4,64001,0,FetchPush-v4:eval:64001:0,clip_task_text,2,-0.21824980634509833,0.5658007154301689,0.0
FetchPush-v4,64001,0,FetchPush-v4:eval:64001:0,clip_task_text,4,-0.21716337935611296,0.5954334218478665,0.0
FetchPush-v4,64001,0,FetchPush-v4:eval:64001:0,clip_task_text,8,-0.21518723001283177,0.6493336414858809,0.0
FetchPush-v4,64001,0,FetchPush-v4:eval:64001:0,clip_task_text,16,-0.2150810048365941,0.6522309732840905,0.0
FetchPush-v4,64001,0,FetchPush-v4:eval:64001:0,clip_task_text,32,-0.21748320770373686,0.5867099828820803,0.0
FetchPush-v4,64001,0,FetchPush-v4:eval:64001:0,clip_mismatch_text,1,-0.21743087365903763,0.5881374137153945,0.0
FetchPush-v4,64001,0,FetchPush-v4:eval:64001:0,clip_mismatch_text,2,-0.21803379128041223,0.5716926078983596,0.0
FetchPush-v4,64001,0,FetchPush-v4:eval:64001:0,clip_mismatch_text,4,-0.21868910843844377,0.5538185849301304,0.0
FetchPush-v4,64001,0,FetchPush-v4:eval:64001:0,clip_mismatch_text,8,-0.2193663834925645,0.5353456520535889,0.0
FetchPush-v4,64001,0,FetchPush-v4:eval:64001:0,clip_mismatch_text,16,-0.22077480170817765,0.4969305133284537,0.0
FetchPush-v4,64001,0,FetchPush-v4:eval:64001:0,clip_mismatch_text,32,-0.22238732759624377,0.45294826075515715,0.0
FetchPush-v4,64001,0,FetchPush-v4:eval:64001:0,clip_ridge,1,-0.2174308736590376,0.5881374137153945,0.0
FetchPush-v4,64001,0,FetchPush-v4:eval:64001:0,clip_ridge,2,-0.21961826532226997,0.5284754800242782,0.0
FetchPush-v4,64001,0,FetchPush-v4:eval:64001:0,clip_ridge,4,-0.22325871550110216,0.429180826567318,0.0
FetchPush-v4,64001,0,FetchPush-v4:eval:64001:0,clip_ridge,8,-0.22725089856830466,0.32029252574684614,0.0
FetchPush-v4,64001,0,FetchPush-v4:eval:64001:0,clip_ridge,16,-0.22983507018643737,0.24980826894042202,0.0
FetchPush-v4,64001,0,FetchPush-v4:eval:64001:0,clip_ridge,32,-0.23171441268762155,0.19854849248006073,0.0
FetchPush-v4,64001,0,FetchPush-v4:eval:64001:0,clip_ridge_shuffled,1,-0.21743087365903765,0.5881374137153946,0.0
FetchPush-v4,64001,0,FetchPush-v4:eval:64001:0,clip_ridge_shuffled,2,-0.21790688698408317,0.5751539705066067,0.0
FetchPush-v4,64001,0,FetchPush-v4:eval:64001:0,clip_ridge_shuffled,4,-0.22008243826506874,0.5158149877128334,0.0
FetchPush-v4,64001,0,FetchPush-v4:eval:64001:0,clip_ridge_shuffled,8,-0.22314984754872824,0.4321502410826964,0.0
FetchPush-v4,64001,0,FetchPush-v4:eval:64001:0,clip_ridge_shuffled,16,-0.2266065602450106,0.33786709685141353,0.0
FetchPush-v4,64001,0,FetchPush-v4:eval:64001:0,clip_ridge_shuffled,32,-0.22920231019630605,0.2670670366353762,0.0
FetchPush-v4,64001,0,FetchPush-v4:eval:64001:0,low_energy,1,-0.21743087365903765,0.5881374137153944,0.0
FetchPush-v4,64001,0,FetchPush-v4:eval:64001:0,low_energy,2,-0.21181895659032854,0.7412045711254238,0.0
FetchPush-v4,64001,0,FetchPush-v4:eval:64001:0,low_energy,4,-0.2076326118252435,0.8553887055815161,0.0
FetchPush-v4,64001,0,FetchPush-v4:eval:64001:0,low_energy,8,-0.2050265020011895,0.9264713352394867,0.0
FetchPush-v4,64001,0,FetchPush-v4:eval:64001:0,low_energy,16,-0.20361951928764205,0.9648473201036561,0.0
FetchPush-v4,64001,0,FetchPush-v4:eval:64001:0,low_energy,32,-0.20280897367348455,0.9869552578353153,0.0
FetchPush-v4,64001,0,FetchPush-v4:eval:64001:0,oracle_real_utility,1,-0.21743087365903765,0.5881374137153944,0.0
FetchPush-v4,64001,0,FetchPush-v4:eval:64001:0,oracle_real_utility,2,-0.21160652523307838,0.7469987166199,0.0
FetchPush-v4,64001,0,FetchPush-v4:eval:64001:0,oracle_real_utility,4,-0.20748972847911948,0.8592859028074668,0.0
FetchPush-v4,64001,0,FetchPush-v4:eval:64001:0,oracle_real_utility,8,-0.2050121979922699,0.9268614824847292,0.0
FetchPush-v4,64001,0,FetchPush-v4:eval:64001:0,oracle_real_utility,16,-0.20361946307129059,0.9648488534258726,0.0
FetchPush-v4,64001,0,FetchPush-v4:eval:64001:0,oracle_real_utility,32,-0.20280897367306783,0.9869552578466816,0.0
FetchPush-v4,64001,1,FetchPush-v4:eval:64001:1,random,1,-0.08273551599864423,0.49814389236688805,0.0
FetchPush-v4,64001,1,FetchPush-v4:eval:64001:1,random,2,-0.08128354537327515,0.5263483426764666,0.0
FetchPush-v4,64001,1,FetchPush-v4:eval:64001:1,random,4,-0.07912509237011359,0.5682761746928723,0.0
FetchPush-v4,64001,1,FetchPush-v4:eval:64001:1,random,8,-0.07931965782211149,0.5644967513857094,0.0
FetchPush-v4,64001,1,FetchPush-v4:eval:64001:1,random,16,-0.08421897572822412,0.4693277679232126,0.0
FetchPush-v4,64001,1,FetchPush-v4:eval:64001:1,random,32,-0.09215728946844047,0.31512645591604804,0.0
FetchPush-v4,64001,1,FetchPush-v4:eval:64001:1,clip_task_text,1,-0.08273551599864426,0.49814389236688805,0.0
FetchPush-v4,64001,1,FetchPush-v4:eval:64001:1,clip_task_text,2,-0.08311311046304005,0.4908091404634074,0.0
FetchPush-v4,64001,1,FetchPush-v4:eval:64001:1,clip_task_text,4,-0.0859314191761962,0.4360636472224136,0.0
FetchPush-v4,64001,1,FetchPush-v4:eval:64001:1,clip_task_text,8,-0.09106013342570787,0.33643865228451075,0.0
FetchPush-v4,64001,1,FetchPush-v4:eval:64001:1,clip_task_text,16,-0.09555290466895738,0.2491668156037079,0.0
FetchPush-v4,64001,1,FetchPush-v4:eval:64001:1,clip_task_text,32,-0.09735571369169957,0.21414734853517375,0.0
FetchPush-v4,64001,1,FetchPush-v4:eval:64001:1,clip_mismatch_text,1,-0.08273551599864423,0.498143892366888,0.0
FetchPush-v4,64001,1,FetchPush-v4:eval:64001:1,clip_mismatch_text,2,-0.08202382326743543,0.511968484905022,0.0
FetchPush-v4,64001,1,FetchPush-v4:eval:64001:1,clip_mismatch_text,4,-0.08065331971969757,0.5385904416690904,0.0
FetchPush-v4,64001,1,FetchPush-v4:eval:64001:1,clip_mismatch_text,8,-0.07695022643660081,0.6105228269873453,0.0
FetchPush-v4,64001,1,FetchPush-v4:eval:64001:1,clip_mismatch_text,16,-0.07231396797521279,0.7005818950648013,0.0
FetchPush-v4,64001,1,FetchPush-v4:eval:64001:1,clip_mismatch_text,32,-0.06837183202916099,0.7771576710904066,0.0
FetchPush-v4,64001,1,FetchPush-v4:eval:64001:1,clip_ridge,1,-0.08273551599864425,0.498143892366888,0.0
FetchPush-v4,64001,1,FetchPush-v4:eval:64001:1,clip_ridge,2,-0.08128841706897236,0.5262537102529072,0.0
FetchPush-v4,64001,1,FetchPush-v4:eval:64001:1,clip_ridge,4,-0.07948731429956242,0.5612400334434017,0.0
FetchPush-v4,64001,1,FetchPush-v4:eval:64001:1,clip_ridge,8,-0.0774306567157472,0.6011904949837574,0.0
FetchPush-v4,64001,1,FetchPush-v4:eval:64001:1,clip_ridge,16,-0.07376793191173425,0.6723387247946628,0.0
FetchPush-v4,64001,1,FetchPush-v4:eval:64001:1,clip_ridge,32,-0.06834614777377146,0.7776565863523377,0.0
FetchPush-v4,64001,1,FetchPush-v4:eval:64001:1,clip_ridge_shuffled,1,-0.08273551599864422,0.49814389236688805,0.0
FetchPush-v4,64001,1,FetchPush-v4:eval:64001:1,clip_ridge_shuffled,2,-0.08554294054438591,0.44360982348506467,0.0
FetchPush-v4,64001,1,FetchPush-v4:eval:64001:1,clip_ridge_shuffled,4,-0.08887656639713833,0.3788543228765164,0.0
FetchPush-v4,64001,1,FetchPush-v4:eval:64001:1,clip_ridge_shuffled,8,-0.09138876426104509,0.3300550162084658,0.0
FetchPush-v4,64001,1,FetchPush-v4:eval:64001:1,clip_ridge_shuffled,16,-0.0942195346945747,0.2750674547280019,0.0
FetchPush-v4,64001,1,FetchPush-v4:eval:64001:1,clip_ridge_shuffled,32,-0.09818961310439456,0.19794889786571612,0.0
FetchPush-v4,64001,1,FetchPush-v4:eval:64001:1,low_energy,1,-0.0827355159986442,0.49814389236688805,0.0
FetchPush-v4,64001,1,FetchPush-v4:eval:64001:1,low_energy,2,-0.07454848135108236,0.6571765944515181,0.0
FetchPush-v4,64001,1,FetchPush-v4:eval:64001:1,low_energy,4,-0.06665393366836628,0.8105277531756586,0.0
FetchPush-v4,64001,1,FetchPush-v4:eval:64001:1,low_energy,8,-0.06078182824646816,0.9245930811449704,0.0
FetchPush-v4,64001,1,FetchPush-v4:eval:64001:1,low_energy,16,-0.05824151737736941,0.973938481407572,0.0
FetchPush-v4,64001,1,FetchPush-v4:eval:64001:1,low_energy,32,-0.05747009585501174,0.9889233024603711,0.0
FetchPush-v4,64001,1,FetchPush-v4:eval:64001:1,oracle_real_utility,1,-0.0827355159986442,0.49814389236688805,0.0
FetchPush-v4,64001,1,FetchPush-v4:eval:64001:1,oracle_real_utility,2,-0.07454848135108236,0.6571765944515181,0.0
FetchPush-v4,64001,1,FetchPush-v4:eval:64001:1,oracle_real_utility,4,-0.06665393366836628,0.8105277531756586,0.0
FetchPush-v4,64001,1,FetchPush-v4:eval:64001:1,oracle_real_utility,8,-0.06078182824646816,0.9245930811449704,0.0
FetchPush-v4,64001,1,FetchPush-v4:eval:64001:1,oracle_real_utility,16,-0.05824151737736941,0.973938481407572,0.0
FetchPush-v4,64001,1,FetchPush-v4:eval:64001:1,oracle_real_utility,32,-0.05747009585501174,0.9889233024603711,0.0
FetchPush-v4,64002,0,FetchPush-v4:eval:64002:0,random,1,-0.20148611399407512,0.6075191639304521,0.0
FetchPush-v4,64002,0,FetchPush-v4:eval:64002:0,random,2,-0.2017311378179418,0.6004866049785913,0.0
FetchPush-v4,64002,0,FetchPush-v4:eval:64002:0,random,4,-0.20230254392682917,0.584086374654906,0.0
FetchPush-v4,64002,0,FetchPush-v4:eval:64002:0,random,8,-0.2037676246238299,0.5420363151615204,0.0
FetchPush-v4,64002,0,FetchPush-v4:eval:64002:0,random,16,-0.20475241978441494,0.513771186028242,0.0
FetchPush-v4,64002,0,FetchPush-v4:eval:64002:0,random,32,-0.20385451051125753,0.5395425571433126,0.0
FetchPush-v4,64002,0,FetchPush-v4:eval:64002:0,clip_task_text,1,-0.20148611399407518,0.6075191639304521,0.0
FetchPush-v4,64002,0,FetchPush-v4:eval:64002:0,clip_task_text,2,-0.19947746822386397,0.6651703733904013,0.0
FetchPush-v4,64002,0,FetchPush-v4:eval:64002:0,clip_task_text,4,-0.19649467825779696,0.7507810129859956,0.0
FetchPush-v4,64002,0,FetchPush-v4:eval:64002:0,clip_task_text,8,-0.1940674533296643,0.8204460852518123,0.0
FetchPush-v4,64002,0,FetchPush-v4:eval:64002:0,clip_task_text,16,-0.193214351288585,0.8449314201925772,0.0
FetchPush-v4,64002,0,FetchPush-v4:eval:64002:0,clip_task_text,32,-0.19357271533913353,0.8346458231761766,0.0
FetchPush-v4,64002,0,FetchPush-v4:eval:64002:0,clip_mismatch_text,1,-0.20148611399407515,0.6075191639304521,0.0
FetchPush-v4,64002,0,FetchPush-v4:eval:64002:0,clip_mismatch_text,2,-0.19940350928203307,0.6672931082748503,0.0
FetchPush-v4,64002,0,FetchPush-v4:eval:64002:0,clip_mismatch_text,4,-0.19670244650378318,0.7448177461690595,0.0
FetchPush-v4,64002,0,FetchPush-v4:eval:64002:0,clip_mismatch_text,8,-0.19436892099826483,0.8117935015231909,0.0
FetchPush-v4,64002,0,FetchPush-v4:eval:64002:0,clip_mismatch_text,16,-0.1932814036579213,0.8430069145148114,0.0
FetchPush-v4,64002,0,FetchPush-v4:eval:64002:0,clip_mismatch_text,32,-0.19237123791362584,0.8691300651199728,0.0
FetchPush-v4,64002,0,FetchPush-v4:eval:64002:0,clip_ridge,1,-0.20148611399407518,0.607519163930452,0.0
FetchPush-v4,64002,0,FetchPush-v4:eval:64002:0,clip_ridge,2,-0.20099870698376496,0.6215084914964997,0.0
FetchPush-v4,64002,0,FetchPush-v4:eval:64002:0,clip_ridge,4,-0.20022257172703822,0.6437847618665112,0.0
FetchPush-v4,64002,0,FetchPush-v4:eval:64002:0,clip_ridge,8,-0.19948706420973375,0.6648949539015312,0.0
FetchPush-v4,64002,0,FetchPush-v4:eval:64002:0,clip_ridge,16,-0.19891838523343436,0.6812169113438631,0.0
FetchPush-v4,64002,0,FetchPush-v4:eval:64002:0,clip_ridge,32,-0.19922050889839654,0.6725454995151299,0.0
FetchPush-v4,64002,0,FetchPush-v4:eval:64002:0,clip_ridge_shuffled,1,-0.2014861139940752,0.607519163930452,0.0
FetchPush-v4,64002,0,FetchPush-v4:eval:64002:0,clip_ridge_shuffled,2,-0.20171692036465105,0.6008946676593321,0.0
FetchPush-v4,64002,0,FetchPush-v4:eval:64002:0,clip_ridge_shuffled,4,-0.20269237455614214,0.5728976386429485,0.0
FetchPush-v4,64002,0,FetchPush-v4:eval:64002:0,clip_ridge_shuffled,8,-0.2047588748638295,0.513585915364332,0.0
FetchPush-v4,64002,0,FetchPush-v4:eval:64002:0,clip_ridge_shuffled,16,-0.20633943736197996,0.46822135133976844,0.0
FetchPush-v4,64002,0,FetchPush-v4:eval:64002:0,clip_ridge_shuffled,32,-0.20551177840498885,0.49197643080600956,0.0
FetchPush-v4,64002,0,FetchPush-v4:eval:64002:0,low_energy,1,-0.20148611399407515,0.607519163930452,0.0
FetchPush-v4,64002,0,FetchPush-v4:eval:64002:0,low_energy,2,-0.19646424190485653,0.7516545829228097,0.0
FetchPush-v4,64002,0,FetchPush-v4:eval:64002:0,low_energy,4,-0.1930606537451491,0.8493427750474304,0.0
FetchPush-v4,64002,0,FetchPush-v4:eval:64002:0,low_energy,8,-0.19084513328148342,0.9129316049983508,0.0
FetchPush-v4,64002,0,FetchPush-v4:eval:64002:0,low_energy,16,-0.18934790959408387,0.9559042175369941,0.0
FetchPush-v4,64002,0,FetchPush-v4:eval:64002:0,low_energy,32,-0.1884458442951746,0.9817948729552979,0.0
FetchPush-v4,64002,0,FetchPush-v4:eval:64002:0,oracle_real_utility,1,-0.20148611399407515,0.607519163930452,0.0
FetchPush-v4,64002,0,FetchPush-v4:eval:64002:0,oracle_real_utility,2,-0.19646424190485653,0.7516545829228097,0.0
FetchPush-v4,64002,0,FetchPush-v4:eval:64002:0,oracle_real_utility,4,-0.1930606537451491,0.8493427750474304,0.0
FetchPush-v4,64002,0,FetchPush-v4:eval:64002:0,oracle_real_utility,8,-0.19084513328148342,0.9129316049983508,0.0
FetchPush-v4,64002,0,FetchPush-v4:eval:64002:0,oracle_real_utility,16,-0.18934790959408387,0.9559042175369941,0.0
FetchPush-v4,64002,0,FetchPush-v4:eval:64002:0,oracle_real_utility,32,-0.1884458442951746,0.9817948729552979,0.0
FetchPush-v4,64002,1,FetchPush-v4:eval:64002:1,random,1,2.9375755353889272,0.44002191651198574,1.0
FetchPush-v4,64002,1,FetchPush-v4:eval:64002:1,random,2,2.939960670339428,0.4926005173658705,1.0
FetchPush-v4,64002,1,FetchPush-v4:eval:64002:1,random,4,2.9401951021394392,0.4977683993918677,1.0
FetchPush-v4,64002,1,FetchPush-v4:eval:64002:1,random,8,2.9382145555339267,0.45410866038132713,1.0
FetchPush-v4,64002,1,FetchPush-v4:eval:64002:1,random,16,2.935506267161986,0.39440637256081656,1.0
FetchPush-v4,64002,1,FetchPush-v4:eval:64002:1,random,32,2.9344050874469296,0.3701316502042579,1.0
FetchPush-v4,64002,1,FetchPush-v4:eval:64002:1,clip_task_text,1,2.9375755353889277,0.4400219165119858,1.0
FetchPush-v4,64002,1,FetchPush-v4:eval:64002:1,clip_task_text,2,2.9360232265028223,0.4058023729564482,1.0
FetchPush-v4,64002,1,FetchPush-v4:eval:64002:1,clip_task_text,4,2.9347158224446983,0.3769815818676861,1.0
FetchPush-v4,64002,1,FetchPush-v4:eval:64002:1,clip_task_text,8,2.9336044251416427,0.3524816200625146,1.0
FetchPush-v4,64002,1,FetchPush-v4:eval:64002:1,clip_task_text,16,2.932480872161326,0.3277136950116117,1.0
FetchPush-v4,64002,1,FetchPush-v4:eval:64002:1,clip_task_text,32,2.9292094894777865,0.2555983942308043,1.0
FetchPush-v4,64002,1,FetchPush-v4:eval:64002:1,clip_mismatch_text,1,2.9375755353889277,0.4400219165119858,1.0
FetchPush-v4,64002,1,FetchPush-v4:eval:64002:1,clip_mismatch_text,2,2.935188769930915,0.38740737228155103,1.0
FetchPush-v4,64002,1,FetchPush-v4:eval:64002:1,clip_mismatch_text,4,2.9308550639394446,0.29187391095858817,1.0
FetchPush-v4,64002,1,FetchPush-v4:eval:64002:1,clip_mismatch_text,8,2.9264666377591695,0.19513418205516236,1.0
FetchPush-v4,64002,1,FetchPush-v4:eval:64002:1,clip_mismatch_text,16,2.9225588231875355,0.10898919368466056,1.0
FetchPush-v4,64002,1,FetchPush-v4:eval:64002:1,clip_mismatch_text,32,2.919735155307005,0.04674344679170204,1.0
FetchPush-v4,64002,1,FetchPush-v4:eval:64002:1,clip_ridge,1,2.937575535388928,0.4400219165119858,1.0
FetchPush-v4,64002,1,FetchPush-v4:eval:64002:1,clip_ridge,2,2.9367179238364063,0.42111648078465497,1.0
FetchPush-v4,64002,1,FetchPush-v4:eval:64002:1,clip_ridge,4,2.935106234493934,0.38558793737013625,1.0
FetchPush-v4,64002,1,FetchPush-v4:eval:64002:1,clip_ridge,8,2.932665556171325,0.33178492244627283,1.0
FetchPush-v4,64002,1,FetchPush-v4:eval:64002:1,clip_ridge,16,2.929915730415877,0.271166972596886,1.0
FetchPush-v4,64002,1,FetchPush-v4:eval:64002:1,clip_ridge,32,2.925053985472941,0.16399326875492193,1.0
FetchPush-v4,64002,1,FetchPush-v4:eval:64002:1,clip_ridge_shuffled,1,2.9375755353889277,0.4400219165119857,1.0
FetchPush-v4,64002,1,FetchPush-v4:eval:64002:1,clip_ridge_shuffled,2,2.9379049210367447,0.4472829884693407,1.0
FetchPush-v4,64002,1,FetchPush-v4:eval:64002:1,clip_ridge_shuffled,4,2.9364269761677564,0.414702746695471,1.0
FetchPush-v4,64002,1,FetchPush-v4:eval:64002:1,clip_ridge_shuffled,8,2.9341100594634755,0.3636279684819616,1.0
FetchPush-v4,64002,1,FetchPush-v4:eval:64002:1,clip_ridge_shuffled,16,2.9316873404905626,0.3102208546282096,1.0
FetchPush-v4,64002,1,FetchPush-v4:eval:64002:1,clip_ridge_shuffled,32,2.929710247577486,0.26663724980706965,1.0
FetchPush-v4,64002,1,FetchPush-v4:eval:64002:1,low_energy,1,2.9375755353889272,0.44002191651198574,1.0
FetchPush-v4,64002,1,FetchPush-v4:eval:64002:1,low_energy,2,2.9458789320349053,0.623064380372921,1.0
FetchPush-v4,64002,1,FetchPush-v4:eval:64002:1,low_energy,4,2.953936560793975,0.8006890662478566,1.0
FetchPush-v4,64002,1,FetchPush-v4:eval:64002:1,low_energy,8,2.9597217785816823,0.9282200710863526,1.0
FetchPush-v4,64002,1,FetchPush-v4:eval:64002:1,low_energy,16,2.9621132315930945,0.980937949092152,1.0
FetchPush-v4,64002,1,FetchPush-v4:eval:64002:1,low_energy,32,2.962667892464915,0.9931650528803901,1.0
FetchPush-v4,64002,1,FetchPush-v4:eval:64002:1,oracle_real_utility,1,2.9375755353889272,0.44002191651198574,1.0
FetchPush-v4,64002,1,FetchPush-v4:eval:64002:1,oracle_real_utility,2,2.9458789320349053,0.623064380372921,1.0
FetchPush-v4,64002,1,FetchPush-v4:eval:64002:1,oracle_real_utility,4,2.953936560793975,0.8006890662478566,1.0
FetchPush-v4,64002,1,FetchPush-v4:eval:64002:1,oracle_real_utility,8,2.9597217785816823,0.9282200710863526,1.0
FetchPush-v4,64002,1,FetchPush-v4:eval:64002:1,oracle_real_utility,16,2.9621132315930945,0.980937949092152,1.0
FetchPush-v4,64002,1,FetchPush-v4:eval:64002:1,oracle_real_utility,32,2.962667892464915,0.9931650528803901,1.0
FetchPush-v4,64003,0,FetchPush-v4:eval:64003:0,random,1,-0.1807942688418593,0.5268051788207515,0.0
FetchPush-v4,64003,0,FetchPush-v4:eval:64003:0,random,2,-0.18218218082002235,0.49939119268944715,0.0
FetchPush-v4,64003,0,FetchPush-v4:eval:64003:0,random,4,-0.18186943449500992,0.5055685465500679,0.0
FetchPush-v4,64003,0,FetchPush-v4:eval:64003:0,random,8,-0.17902478793683604,0.5617559003024677,0.0
FetchPush-v4,64003,0,FetchPush-v4:eval:64003:0,random,16,-0.17403746697645045,0.6602652797094604,0.0
FetchPush-v4,64003,0,FetchPush-v4:eval:64003:0,random,32,-0.16878766981723536,0.7639590793013936,0.0
FetchPush-v4,64003,0,FetchPush-v4:eval:64003:0,clip_task_text,1,-0.1807942688418593,0.5268051788207516,0.0
FetchPush-v4,64003,0,FetchPush-v4:eval:64003:0,clip_task_text,2,-0.184086839220534,0.46177045030951136,0.0
FetchPush-v4,64003,0,FetchPush-v4:eval:64003:0,clip_task_text,4,-0.18442618200094346,0.4550677642442074,0.0
FetchPush-v4,64003,0,FetchPush-v4:eval:64003:0,clip_task_text,8,-0.1838370365976822,0.46670454248982896,0.0
FetchPush-v4,64003,0,FetchPush-v4:eval:64003:0,clip_task_text,16,-0.18312720596376902,0.4807250909538797,0.0
FetchPush-v4,64003,0,FetchPush-v4:eval:64003:0,clip_task_text,32,-0.18326008435094282,0.4781004819581751,0.0
FetchPush-v4,64003,0,FetchPush-v4:eval:64003:0,clip_mismatch_text,1,-0.18079426884185934,0.5268051788207516,0.0
FetchPush-v4,64003,0,FetchPush-v4:eval:64003:0,clip_mismatch_text,2,-0.18441754636848603,0.4552383349375572,0.0
FetchPush-v4,64003,0,FetchPush-v4:eval:64003:0,clip_mismatch_text,4,-0.18837424080096296,0.3770858526444844,0.0
FetchPush-v4,64003,0,FetchPush-v4:eval:64003:0,clip_mismatch_text,8,-0.19149719186498135,0.315401438571588,0.0
FetchPush-v4,64003,0,FetchPush-v4:eval:64003:0,clip_mismatch_text,16,-0.19251270272429605,0.2953431055854511,0.0
FetchPush-v4,64003,0,FetchPush-v4:eval:64003:0,clip_mismatch_text,32,-0.19088958373006423,0.3274028920109709,0.0
FetchPush-v4,64003,0,FetchPush-v4:eval:64003:0,clip_ridge,1,-0.18079426884185934,0.5268051788207517,0.0
FetchPush-v4,64003,0,FetchPush-v4:eval:64003:0,clip_ridge,2,-0.1816341966866066,0.5102149550533371,0.0
FetchPush-v4,64003,0,FetchPush-v4:eval:64003:0,clip_ridge,4,-0.18319883107181598,0.47931035446514964,0.0
FetchPush-v4,64003,0,FetchPush-v4:eval:64003:0,clip_ridge,8,-0.18544459096343746,0.43495218803111246,0.0
FetchPush-v4,64003,0,FetchPush-v4:eval:64003:0,clip_ridge,16,-0.18687273664553689,0.4067435072656549,0.0
FetchPush-v4,64003,0,FetchPush-v4:eval:64003:0,clip_ridge,32,-0.18751460030838257,0.3940654399038266,0.0
FetchPush-v4,64003,0,FetchPush-v4:eval:64003:0,clip_ridge_shuffled,1,-0.18079426884185928,0.5268051788207518,0.0
FetchPush-v4,64003,0,FetchPush-v4:eval:64003:0,clip_ridge_shuffled,2,-0.18141366818640356,0.5145708258443122,0.0
FetchPush-v4,64003,0,FetchPush-v4:eval:64003:0,clip_ridge_shuffled,4,-0.18217187994646405,0.49959465516351664,0.0
FetchPush-v4,64003,0,FetchPush-v4:eval:64003:0,clip_ridge_shuffled,8,-0.18476709042771317,0.4483341535898207,0.0
FetchPush-v4,64003,0,FetchPush-v4:eval:64003:0,clip_ridge_shuffled,16,-0.1901859431851256,0.3413011740662211,0.0
FetchPush-v4,64003,0,FetchPush-v4:eval:64003:0,clip_ridge_shuffled,32,-0.19774793469262975,0.19193699710585485,0.0
FetchPush-v4,64003,0,FetchPush-v4:eval:64003:0,low_energy,1,-0.18079426884185928,0.5268051788207517,0.0
FetchPush-v4,64003,0,FetchPush-v4:eval:64003:0,low_energy,2,-0.17402747451929293,0.6604626503541735,0.0
FetchPush-v4,64003,0,FetchPush-v4:eval:64003:0,low_energy,4,-0.16835611756505023,0.772483083447532,0.0
FetchPush-v4,64003,0,FetchPush-v4:eval:64003:0,low_energy,8,-0.16374294991782584,0.8636022004320053,0.0
FetchPush-v4,64003,0,FetchPush-v4:eval:64003:0,low_energy,16,-0.16048583412494116,0.9279366312742051,0.0
FetchPush-v4,64003,0,FetchPush-v4:eval:64003:0,low_energy,32,-0.1584190203654167,0.9687602603162888,0.0
FetchPush-v4,64003,0,FetchPush-v4:eval:64003:0,oracle_real_utility,1,-0.18079426884185928,0.5268051788207517,0.0
FetchPush-v4,64003,0,FetchPush-v4:eval:64003:0,oracle_real_utility,2,-0.17402747451929293,0.6604626503541735,0.0
FetchPush-v4,64003,0,FetchPush-v4:eval:64003:0,oracle_real_utility,4,-0.16835611756505023,0.772483083447532,0.0
FetchPush-v4,64003,0,FetchPush-v4:eval:64003:0,oracle_real_utility,8,-0.16374294991782584,0.8636022004320053,0.0
FetchPush-v4,64003,0,FetchPush-v4:eval:64003:0,oracle_real_utility,16,-0.16048583412494116,0.9279366312742051,0.0
FetchPush-v4,64003,0,FetchPush-v4:eval:64003:0,oracle_real_utility,32,-0.1584190203654167,0.9687602603162888,0.0
FetchPush-v4,64003,1,FetchPush-v4:eval:64003:1,random,1,-0.27674233627586237,0.5391089764527486,0.0
FetchPush-v4,64003,1,FetchPush-v4:eval:64003:1,random,2,-0.27758248535837127,0.5133950857430715,0.0
FetchPush-v4,64003,1,FetchPush-v4:eval:64003:1,random,4,-0.2774980215304397,0.515980214603615,0.0
FetchPush-v4,64003,1,FetchPush-v4:eval:64003:1,random,8,-0.2767096421560034,0.54010962388831,0.0
FetchPush-v4,64003,1,FetchPush-v4:eval:64003:1,random,16,-0.27527562355755897,0.5839996885015184,0.0
FetchPush-v4,64003,1,FetchPush-v4:eval:64003:1,random,32,-0.2719764783790467,0.6849744563394871,0.0
FetchPush-v4,64003,1,FetchPush-v4:eval:64003:1,clip_task_text,1,-0.2767423362758624,0.5391089764527485,0.0
FetchPush-v4,64003,1,FetchPush-v4:eval:64003:1,clip_task_text,2,-0.2775736072132766,0.5136668132940752,0.0
FetchPush-v4,64003,1,FetchPush-v4:eval:64003:1,clip_task_text,4,-0.2782228103311437,0.49379708020889124,0.0
FetchPush-v4,64003,1,FetchPush-v4:eval:64003:1,clip_task_text,8,-0.2797936166099847,0.4457204449769987,0.0
FetchPush-v4,64003,1,FetchPush-v4:eval:64003:1,clip_task_text,16,-0.28075605378871027,0.4162637628905572,0.0
FetchPush-v4,64003,1,FetchPush-v4:eval:64003:1,clip_task_text,32,-0.27966346911277357,0.4497037838737455,0.0
FetchPush-v4,64003,1,FetchPush-v4:eval:64003:1,clip_mismatch_text,1,-0.2767423362758623,0.5391089764527487,0.0
FetchPush-v4,64003,1,FetchPush-v4:eval:64003:1,clip_mismatch_text,2,-0.276984468470353,0.5316981955377315,0.0
FetchPush-v4,64003,1,FetchPush-v4:eval:64003:1,clip_mismatch_text,4,-0.27693801681924046,0.5331199106890752,0.0
FetchPush-v4,64003,1,FetchPush-v4:eval:64003:1,clip_mismatch_text,8,-0.2784295982943777,0.48746805694697715,0.0
FetchPush-v4,64003,1,FetchPush-v4:eval:64003:1,clip_mismatch_text,16,-0.2812952345344767,0.3997614122267984,0.0
FetchPush-v4,64003,1,FetchPush-v4:eval:64003:1,clip_mismatch_text,32,-0.2841173879314066,0.3133856183047364,0.0
FetchPush-v4,64003,1,FetchPush-v4:eval:64003:1,clip_ridge,1,-0.2767423362758624,0.5391089764527484,0.0
FetchPush-v4,64003,1,FetchPush-v4:eval:64003:1,clip_ridge,2,-0.27627830587773683,0.5533112498251546,0.0
FetchPush-v4,64003,1,FetchPush-v4:eval:64003:1,clip_ridge,4,-0.27543012574230674,0.5792709416925048,0.0
FetchPush-v4,64003,1,FetchPush-v4:eval:64003:1,clip_ridge,8,-0.27376709662218335,0.630170180806304,0.0
FetchPush-v4,64003,1,FetchPush-v4:eval:64003:1,clip_ridge,16,-0.2720386027542566,0.6830730564239098,0.0
FetchPush-v4,64003,1,FetchPush-v4:eval:64003:1,clip_ridge,32,-0.2700099415962906,0.7451629549775397,0.0
FetchPush-v4,64003,1,FetchPush-v4:eval:64003:1,clip_ridge_shuffled,1,-0.27674233627586237,0.5391089764527485,0.0
FetchPush-v4,64003,1,FetchPush-v4:eval:64003:1,clip_ridge_shuffled,2,-0.27570820493384085,0.5707599546681673,0.0
FetchPush-v4,64003,1,FetchPush-v4:eval:64003:1,clip_ridge_shuffled,4,-0.2761685930183319,0.5566691591949522,0.0
FetchPush-v4,64003,1,FetchPush-v4:eval:64003:1,clip_ridge_shuffled,8,-0.2786631139684788,0.48032099620758784,0.0
FetchPush-v4,64003,1,FetchPush-v4:eval:64003:1,clip_ridge_shuffled,16,-0.2813057766775361,0.3994387557838878,0.0
FetchPush-v4,64003,1,FetchPush-v4:eval:64003:1,clip_ridge_shuffled,32,-0.2824146115944407,0.36550137435723384,0.0
FetchPush-v4,64003,1,FetchPush-v4:eval:64003:1,low_energy,1,-0.27674233627586237,0.5391089764527486,0.0
FetchPush-v4,64003,1,FetchPush-v4:eval:64003:1,low_energy,2,-0.2722420116026071,0.6768474555100302,0.0
FetchPush-v4,64003,1,FetchPush-v4:eval:64003:1,low_energy,4,-0.26871466951660544,0.7848064960939047,0.0
FetchPush-v4,64003,1,FetchPush-v4:eval:64003:1,low_energy,8,-0.26608832650838643,0.8651892501615429,0.0
FetchPush-v4,64003,1,FetchPush-v4:eval:64003:1,low_energy,16,-0.2642109549725236,0.922648726699295,0.0
FetchPush-v4,64003,1,FetchPush-v4:eval:64003:1,low_energy,32,-0.2629245792859064,0.9620199817609328,0.0
FetchPush-v4,64003,1,FetchPush-v4:eval:64003:1,oracle_real_utility,1,-0.27674233627586237,0.5391089764527486,0.0
FetchPush-v4,64003,1,FetchPush-v4:eval:64003:1,oracle_real_utility,2,-0.2722420116026071,0.6768474555100302,0.0
FetchPush-v4,64003,1,FetchPush-v4:eval:64003:1,oracle_real_utility,4,-0.26871466951660544,0.7848064960939047,0.0
FetchPush-v4,64003,1,FetchPush-v4:eval:64003:1,oracle_real_utility,8,-0.26608832650838643,0.8651892501615429,0.0
FetchPush-v4,64003,1,FetchPush-v4:eval:64003:1,oracle_real_utility,16,-0.2642109549725236,0.922648726699295,0.0
FetchPush-v4,64003,1,FetchPush-v4:eval:64003:1,oracle_real_utility,32,-0.2629245792859064,0.9620199817609328,0.0
FetchReach-v4,64001,0,FetchReach-v4:eval:64001:0,random,1,0.626814244370537,0.28757838745073827,0.25
FetchReach-v4,64001,0,FetchReach-v4:eval:64001:0,random,2,0.5612793591347024,0.2694563583800993,0.224609375
FetchReach-v4,64001,0,FetchReach-v4:eval:64001:0,random,4,0.5378852301205856,0.26298729866403414,0.2095317840576172
FetchReach-v4,64001,0,FetchReach-v4:eval:64001:0,random,8,0.5448382105103114,0.2649099710284818,0.20313221454671293
FetchReach-v4,64001,0,FetchReach-v4:eval:64001:0,random,16,0.359910532474049,0.21377285916387737,0.1410820063677219
FetchReach-v4,64001,0,FetchReach-v4:eval:64001:0,random,32,0.047153537378297805,0.12728775528714556,0.03849508144891111
FetchReach-v4,64001,0,FetchReach-v4:eval:64001:0,clip_task_text,1,0.6268142443705371,0.2875783874507382,0.25
FetchReach-v4,64001,0,FetchReach-v4:eval:64001:0,clip_task_text,2,0.7838078679135598,0.3309910370573315,0.298828125
FetchReach-v4,64001,0,FetchReach-v4:eval:64001:0,clip_task_text,4,0.875247441586458,0.35627635809427133,0.3289203643798828
FetchReach-v4,64001,0,FetchReach-v4:eval:64001:0,clip_task_text,8,0.8045566104670808,0.33672858148700435,0.3133140180743794
FetchReach-v4,64001,0,FetchReach-v4:eval:64001:0,clip_task_text,16,0.6776737064036527,0.3016422962554064,0.284394233899626
FetchReach-v4,64001,0,FetchReach-v4:eval:64001:0,clip_task_text,32,0.48787549548487286,0.2491583606622053,0.23841786995359895
FetchReach-v4,64001,0,FetchReach-v4:eval:64001:0,clip_mismatch_text,1,0.6268142443705373,0.2875783874507382,0.25
FetchReach-v4,64001,0,FetchReach-v4:eval:64001:0,clip_mismatch_text,2,0.6939457722115073,0.30614192799426,0.26953125
FetchReach-v4,64001,0,FetchReach-v4:eval:64001:0,clip_mismatch_text,4,0.7702876316917331,0.32725235478189707,0.2930145263671875
FetchReach-v4,64001,0,FetchReach-v4:eval:64001:0,clip_mismatch_text,8,0.6863111696023271,0.30403077009830204,0.27234209451125935
FetchReach-v4,64001,0,FetchReach-v4:eval:64001:0,clip_mismatch_text,16,0.40667230390116077,0.22670365439068152,0.19616439533697255
FetchReach-v4,64001,0,FetchReach-v4:eval:64001:0,clip_mismatch_text,32,0.008374466306906025,0.11656437565873565,0.0879230382537462
FetchReach-v4,64001,0,FetchReach-v4:eval:64001:0,clip_ridge,1,0.6268142443705371,0.28757838745073827,0.25
FetchReach-v4,64001,0,FetchReach-v4:eval:64001:0,clip_ridge,2,0.4619151436754204,0.2419796763861602,0.205078125
FetchReach-v4,64001,0,FetchReach-v4:eval:64001:0,clip_ridge,4,0.3536559506481495,0.21204331140826976,0.1789684295654297
FetchReach-v4,64001,0,FetchReach-v4:eval:64001:0,clip_ridge,8,0.5337070465945088,0.2618319267876731,0.23523107147593691
FetchReach-v4,64001,0,FetchReach-v4:eval:64001:0,clip_ridge,16,1.0954011511921196,0.4171543456138289,0.39861945521981434
FetchReach-v4,64001,0,FetchReach-v4:eval:64001:0,clip_ridge,32,1.921587392283762,0.6456154320252195,0.6379449490808852
FetchReach-v4,64001,0,FetchReach-v4:eval:64001:0,clip_ridge_shuffled,1,0.626814244370537,0.28757838745073827,0.25
FetchReach-v4,64001,0,FetchReach-v4:eval:64001:0,clip_ridge_shuffled,2,0.9406498588429524,0.3743617564671697,0.337890625
FetchReach-v4,64001,0,FetchReach-v4:eval:64001:0,clip_ridge_shuffled,4,1.3485945953832061,0.48716864318395897,0.4547290802001953
FetchReach-v4,64001,0,FetchReach-v4:eval:64001:0,clip_ridge_shuffled,8,1.6550644648064317,0.5719152001204122,0.543543250330913
FetchReach-v4,64001,0,FetchReach-v4:eval:64001:0,clip_ridge_shuffled,16,1.7720257202223975,0.6042579022272216,0.5797607274398504
FetchReach-v4,64001,0,FetchReach-v4:eval:64001:0,clip_ridge_shuffled,32,2.093481961687442,0.6931485645333253,0.679767371111462
FetchReach-v4,64001,0,FetchReach-v4:eval:64001:0,low_energy,1,0.6268142443705371,0.28757838745073827,0.25
FetchReach-v4,64001,0,FetchReach-v4:eval:64001:0,low_energy,2,1.1901575771274897,0.44335685896608634,0.416015625
FetchReach-v4,64001,0,FetchReach-v4:eval:64001:0,low_energy,4,1.8324806572112269,0.6209751990017974,0.6073436737060547
FetchReach-v4,64001,0,FetchReach-v4:eval:64001:0,low_energy,8,2.337107180157341,0.7605170092260175,0.7562002028553252
FetchReach-v4,64001,0,FetchReach-v4:eval:64001:0,low_energy,16,2.6090733396893224,0.835722430453697,0.8369189287509884
FetchReach-v4,64001,0,FetchReach-v4:eval:64001:0,low_energy,32,2.8700129730890827,0.9078787423955785,0.9157638483153683
FetchReach-v4,64001,0,FetchReach-v4:eval:64001:0,oracle_real_utility,1,0.6268142443705371,0.28757838745073827,0.25
FetchReach-v4,64001,0,FetchReach-v4:eval:64001:0,oracle_real_utility,2,1.2958881073247297,0.4725939856504975,0.4375
FetchReach-v4,64001,0,FetchReach-v4:eval:64001:0,oracle_real_utility,4,2.1331611241107162,0.7041208418531916,0.68359375
FetchReach-v4,64001,0,FetchReach-v4:eval:64001:0,oracle_real_utility,8,2.8529673923776384,0.903165214507842,0.8998870849609375
FetchReach-v4,64001,0,FetchReach-v4:eval:64001:0,oracle_real_utility,16,3.15645223615389,0.9870863374581612,0.9899774042423815
FetchReach-v4,64001,0,FetchReach-v4:eval:64001:0,oracle_real_utility,32,3.1971856561474925,0.9983501432711143,0.9998995475742793
FetchReach-v4,64001,1,FetchReach-v4:eval:64001:1,random,1,0.6220429238562448,0.27493029310169065,0.25
FetchReach-v4,64001,1,FetchReach-v4:eval:64001:1,random,2,0.42527740596362834,0.21923755547586965,0.19140625
FetchReach-v4,64001,1,FetchReach-v4:eval:64001:1,random,4,0.325754750129533,0.19106854894181796,0.1599578857421875
FetchReach-v4,64001,1,FetchReach-v4:eval:64001:1,random,8,0.26155458359952916,0.17289726025067229,0.13476576405810192
FetchReach-v4,64001,1,FetchReach-v4:eval:64001:1,random,16,0.15583780658446392,0.1429750625607264,0.09054306023615495
FetchReach-v4,64001,1,FetchReach-v4:eval:64001:1,random,32,0.002248519536030589,0.0995029747816395,0.028913803395723473
FetchReach-v4,64001,1,FetchReach-v4:eval:64001:1,clip_task_text,1,0.6220429238562448,0.2749302931016907,0.25
FetchReach-v4,64001,1,FetchReach-v4:eval:64001:1,clip_task_text,2,1.1017003631948858,0.41069308429327944,0.3984375
FetchReach-v4,64001,1,FetchReach-v4:eval:64001:1,clip_task_text,4,1.7214701055878894,0.5861134222731968,0.5825042724609375
FetchReach-v4,64001,1,FetchReach-v4:eval:64001:1,clip_task_text,8,2.3593172754020406,0.7666504160223697,0.7677154957491439
FetchReach-v4,64001,1,FetchReach-v4:eval:64001:1,clip_task_text,16,2.854862047692926,0.9069099761354638,0.9105645754023303
FetchReach-v4,64001,1,FetchReach-v4:eval:64001:1,clip_task_text,32,3.123717644482985,0.9830071722886733,0.9872804501241854
FetchReach-v4,64001,1,FetchReach-v4:eval:64001:1,clip_mismatch_text,1,0.6220429238562448,0.2749302931016907,0.25
FetchReach-v4,64001,1,FetchReach-v4:eval:64001:1,clip_mismatch_text,2,1.0266416672409624,0.38944838499297085,0.37890625
FetchReach-v4,64001,1,FetchReach-v4:eval:64001:1,clip_mismatch_text,4,1.5165431775559082,0.528110669770702,0.52630615234375
FetchReach-v4,64001,1,FetchReach-v4:eval:64001:1,clip_mismatch_text,8,2.0579256597873363,0.6813441878233184,0.6841563264897559
FetchReach-v4,64001,1,FetchReach-v4:eval:64001:1,clip_mismatch_text,16,2.606467217823911,0.8366040188942402,0.8411686960315127
FetchReach-v4,64001,1,FetchReach-v4:eval:64001:1,clip_mismatch_text,32,3.0318671330703095,0.9570096983019187,0.9611388577599514
FetchReach-v4,64001,1,FetchReach-v4:eval:64001:1,clip_ridge,1,0.622042923856245,0.2749302931016907,0.25
FetchReach-v4,64001,1,FetchReach-v4:eval:64001:1,clip_ridge,2,1.1421151910486897,0.4221321434737757,0.396484375
FetchReach-v4,64001,1,FetchReach-v4:eval:64001:1,clip_ridge,4,1.6302322061833872,0.5602893426911276,0.5371837615966797
FetchReach-v4,64001,1,FetchReach-v4:eval:64001:1,clip_ridge,8,1.8869504304460976,0.6329511630179622,0.6122766820753895
FetchReach-v4,64001,1,FetchReach-v4:eval:64001:1,clip_ridge,16,2.0077320805849013,0.6671373396572305,0.6461881364165367
FetchReach-v4,64001,1,FetchReach-v4:eval:64001:1,clip_ridge,32,2.307059635496782,0.7518593537500844,0.734888248158905
FetchReach-v4,64001,1,FetchReach-v4:eval:64001:1,clip_ridge_shuffled,1,0.6220429238562448,0.2749302931016907,0.25
FetchReach-v4,64001,1,FetchReach-v4:eval:64001:1,clip_ridge_shuffled,2,1.1276410844890759,0.418035375769626,0.396484375
FetchReach-v4,64001,1,FetchReach-v4:eval:64001:1,clip_ridge_shuffled,4,1.5840318085117515,0.547212729200652,0.5331554412841797
FetchReach-v4,64001,1,FetchReach-v4:eval:64001:1,clip_ridge_shuffled,8,1.8027730990537834,0.609125514695615,0.5982305381021433
FetchReach-v4,64001,1,FetchReach-v4:eval:64001:1,clip_ridge_shuffled,16,1.930153820321957,0.6451794999881391,0.6331701349438175
FetchReach-v4,64001,1,FetchReach-v4:eval:64001:1,clip_ridge_shuffled,32,2.270686688079577,0.741564313039294,0.7327662624817186
FetchReach-v4,64001,1,FetchReach-v4:eval:64001:1,low_energy,1,0.6220429238562448,0.2749302931016907,0.25
FetchReach-v4,64001,1,FetchReach-v4:eval:64001:1,low_energy,2,1.2520711530320723,0.45325420493414437,0.4375
FetchReach-v4,64001,1,FetchReach-v4:eval:64001:1,low_energy,4,2.0788972618137054,0.6872800140887984,0.68359375
FetchReach-v4,64001,1,FetchReach-v4:eval:64001:1,low_energy,8,2.800850223680955,0.8916224075837812,0.8998870849609375
FetchReach-v4,64001,1,FetchReach-v4:eval:64001:1,low_energy,16,3.09576690588906,0.9750959632128592,0.9899774042423815
FetchReach-v4,64001,1,FetchReach-v4:eval:64001:1,low_energy,32,3.125318831453507,0.9834603740833489,0.9998995475742793
FetchReach-v4,64001,1,FetchReach-v4:eval:64001:1,oracle_real_utility,1,0.6220429238562448,0.2749302931016907,0.25
FetchReach-v4,64001,1,FetchReach-v4:eval:64001:1,oracle_real_utility,2,1.2844940385330559,0.46243121559443584,0.4375
FetchReach-v4,64001,1,FetchReach-v4:eval:64001:1,oracle_real_utility,4,2.115867115332662,0.6977440037865255,0.68359375
FetchReach-v4,64001,1,FetchReach-v4:eval:64001:1,oracle_real_utility,8,2.8314316479969053,0.9002782089604309,0.8998870849609375
FetchReach-v4,64001,1,FetchReach-v4:eval:64001:1,oracle_real_utility,16,3.134963100896327,0.9861900991562387,0.9899774042423815
FetchReach-v4,64001,1,FetchReach-v4:eval:64001:1,oracle_real_utility,32,3.1777216397866273,0.9982925249937811,0.9998995475742793
FetchReach-v4,64002,0,FetchReach-v4:eval:64002:0,random,1,0.6386847204526416,0.28319718451048254,0.25
FetchReach-v4,64002,0,FetchReach-v4:eval:64002:0,random,2,0.7472024993160501,0.31331315072328936,0.28515625
FetchReach-v4,64002,0,FetchReach-v4:eval:64002:0,random,4,0.7556765947449872,0.3156648904501335,0.2890472412109375
FetchReach-v4,64002,0,FetchReach-v4:eval:64002:0,random,8,0.6140686098757165,0.2763656960466565,0.24779192329151556
FetchReach-v4,64002,0,FetchReach-v4:eval:64002:0,random,16,0.35950482768295583,0.2057188919577959,0.17348359602501373
FetchReach-v4,64002,0,FetchReach-v4:eval:64002:0,random,32,0.04361239647435847,0.11805209777161851,0.0849647342155509
FetchReach-v4,64002,0,FetchReach-v4:eval:64002:0,clip_task_text,1,0.6386847204526419,0.2831971845104826,0.25
FetchReach-v4,64002,0,FetchReach-v4:eval:64002:0,clip_task_text,2,0.5221503897563632,0.25085645654277633,0.22265625
FetchReach-v4,64002,0,FetchReach-v4:eval:64002:0,clip_task_text,4,0.24032839163195344,0.17264492417973853,0.1492767333984375
FetchReach-v4,64002,0,FetchReach-v4:eval:64002:0,clip_task_text,8,-0.029213520338167313,0.09784137402557389,0.08039718068903312
FetchReach-v4,64002,0,FetchReach-v4:eval:64002:0,clip_task_text,16,-0.22914283998454593,0.042356782482297524,0.0302779376832888
FetchReach-v4,64002,0,FetchReach-v4:eval:64002:0,clip_task_text,32,-0.34173878458892304,0.011109039495660514,0.003052560182589666
FetchReach-v4,64002,0,FetchReach-v4:eval:64002:0,clip_mismatch_text,1,0.6386847204526417,0.2831971845104826,0.25
FetchReach-v4,64002,0,FetchReach-v4:eval:64002:0,clip_mismatch_text,2,0.3109564481854624,0.1922456954738044,0.15625
FetchReach-v4,64002,0,FetchReach-v4:eval:64002:0,clip_mismatch_text,4,-0.06186242431268095,0.08878061643101186,0.0496826171875
FetchReach-v4,64002,0,FetchReach-v4:eval:64002:0,clip_mismatch_text,8,-0.23301054149171518,0.04128341396028099,0.004752064356580377
FetchReach-v4,64002,0,FetchReach-v4:eval:64002:0,clip_mismatch_text,16,-0.2808325223120145,0.028011808388382763,3.610071785228231e-05
FetchReach-v4,64002,0,FetchReach-v4:eval:64002:0,clip_mismatch_text,32,-0.3259363555949968,0.015494545931987291,1.5936145832684338e-09
FetchReach-v4,64002,0,FetchReach-v4:eval:64002:0,clip_ridge,1,0.6386847204526417,0.2831971845104826,0.25
FetchReach-v4,64002,0,FetchReach-v4:eval:64002:0,clip_ridge,2,1.0346933176177588,0.3930978999242878,0.369140625
FetchReach-v4,64002,0,FetchReach-v4:eval:64002:0,clip_ridge,4,1.4575012608706508,0.5104359975786625,0.4967365264892578
FetchReach-v4,64002,0,FetchReach-v4:eval:64002:0,clip_ridge,8,1.5672680584770493,0.540898592764685,0.5328944934317406
FetchReach-v4,64002,0,FetchReach-v4:eval:64002:0,clip_ridge,16,1.2176361632132289,0.4438683876225547,0.43333125730312666
FetchReach-v4,64002,0,FetchReach-v4:eval:64002:0,clip_ridge,32,0.6779277342195413,0.29408794627386364,0.27717860640061565
FetchReach-v4,64002,0,FetchReach-v4:eval:64002:0,clip_ridge_shuffled,1,0.6386847204526417,0.28319718451048254,0.25
FetchReach-v4,64002,0,FetchReach-v4:eval:64002:0,clip_ridge_shuffled,2,0.46089790406048947,0.2338576033687792,0.1953125
FetchReach-v4,64002,0,FetchReach-v4:eval:64002:0,clip_ridge_shuffled,4,0.20511103386192417,0.16287136663170285,0.1202392578125
FetchReach-v4,64002,0,FetchReach-v4:eval:64002:0,clip_ridge_shuffled,8,-0.028717076973705728,0.09797914750147144,0.05529156856937334
FetchReach-v4,64002,0,FetchReach-v4:eval:64002:0,clip_ridge_shuffled,16,-0.2002426167775657,0.05037720231359093,0.0105459901573065
FetchReach-v4,64002,0,FetchReach-v4:eval:64002:0,clip_ridge_shuffled,32,-0.240329852157644,0.039252151295076594,0.0002752726834493697
FetchReach-v4,64002,0,FetchReach-v4:eval:64002:0,low_energy,1,0.6386847204526418,0.2831971845104825,0.25
FetchReach-v4,64002,0,FetchReach-v4:eval:64002:0,low_energy,2,1.0309816264470648,0.39206782755218655,0.365234375
FetchReach-v4,64002,0,FetchReach-v4:eval:64002:0,low_energy,4,1.2154175678581929,0.44325268074528584,0.4196796417236328
FetchReach-v4,64002,0,FetchReach-v4:eval:64002:0,low_energy,8,1.028946318729652,0.39150298684965606,0.3650944591809093
FetchReach-v4,64002,0,FetchReach-v4:eval:64002:0,low_energy,16,0.7977826979166824,0.3273502197459704,0.29432252075041304
FetchReach-v4,64002,0,FetchReach-v4:eval:64002:0,low_energy,32,0.6308700941285106,0.28102846133158776,0.23868945282699122
FetchReach-v4,64002,0,FetchReach-v4:eval:64002:0,oracle_real_utility,1,0.6386847204526418,0.2831971845104825,0.25
FetchReach-v4,64002,0,FetchReach-v4:eval:64002:0,oracle_real_utility,2,1.3053546673439185,0.46821211760216436,0.4375
FetchReach-v4,64002,0,FetchReach-v4:eval:64002:0,oracle_real_utility,4,2.1479412827176803,0.702047626453663,0.68359375
FetchReach-v4,64002,0,FetchReach-v4:eval:64002:0,oracle_real_utility,8,2.8770451138347806,0.9043892756611058,0.8998870849609375
FetchReach-v4,64002,0,FetchReach-v4:eval:64002:0,oracle_real_utility,16,3.1809592000841573,0.9887318271669083,0.9899774042423815
FetchReach-v4,64002,0,FetchReach-v4:eval:64002:0,oracle_real_utility,32,3.217667499513242,0.9989191523860084,0.9998995475742793
FetchReach-v4,64002,1,FetchReach-v4:eval:64002:1,random,1,0.5165757732317954,0.2553996054148024,0.21875
FetchReach-v4,64002,1,FetchReach-v4:eval:64002:1,random,2,0.43860048884972813,0.2340675525491998,0.1962890625
FetchReach-v4,64002,1,FetchReach-v4:eval:64002:1,random,4,0.33951777271400463,0.2069610436672542,0.16918659210205078
FetchReach-v4,64002,1,FetchReach-v4:eval:64002:1,random,8,0.19793580090454313,0.16822782029538444,0.12599359496107354
FetchReach-v4,64002,1,FetchReach-v4:eval:64002:1,random,16,-0.040972580675019396,0.10286856875461237,0.04702547071444166
FetchReach-v4,64002,1,FetchReach-v4:eval:64002:1,random,32,-0.1373482935413333,0.07650262705761546,0.003982842375602411
FetchReach-v4,64002,1,FetchReach-v4:eval:64002:1,clip_task_text,1,0.5165757732317955,0.25539960541480244,0.21875
FetchReach-v4,64002,1,FetchReach-v4:eval:64002:1,clip_task_text,2,0.8601369539823163,0.34938919876374863,0.3134765625
FetchReach-v4,64002,1,FetchReach-v4:eval:64002:1,clip_task_text,4,1.2461123786690649,0.4549822495552977,0.4185304641723633
FetchReach-v4,64002,1,FetchReach-v4:eval:64002:1,clip_task_text,8,1.6369680010614567,0.561910398208642,0.5256724058390319
FetchReach-v4,64002,1,FetchReach-v4:eval:64002:1,clip_task_text,16,2.154014678511583,0.7033612072022521,0.6749856008087906
FetchReach-v4,64002,1,FetchReach-v4:eval:64002:1,clip_task_text,32,2.812180902076958,0.8834187316693191,0.8744867003407637
FetchReach-v4,64002,1,FetchReach-v4:eval:64002:1,clip_mismatch_text,1,0.5165757732317955,0.25539960541480244,0.21875
FetchReach-v4,64002,1,FetchReach-v4:eval:64002:1,clip_mismatch_text,2,0.9356612507832452,0.3700507238195699,0.3330078125
FetchReach-v4,64002,1,FetchReach-v4:eval:64002:1,clip_mismatch_text,4,1.3344152168019363,0.47913965822858195,0.4420328140258789
FetchReach-v4,64002,1,FetchReach-v4:eval:64002:1,clip_mismatch_text,8,1.5276951279703448,0.5320161217846632,0.49334413232372754
FetchReach-v4,64002,1,FetchReach-v4:eval:64002:1,clip_mismatch_text,16,1.3855705337828754,0.4931344507431831,0.45197793018052324
FetchReach-v4,64002,1,FetchReach-v4:eval:64002:1,clip_mismatch_text,32,0.9322784065272216,0.3691252637449133,0.32346456836989523
FetchReach-v4,64002,1,FetchReach-v4:eval:64002:1,clip_ridge,1,0.5165757732317955,0.25539960541480244,0.21875
FetchReach-v4,64002,1,FetchReach-v4:eval:64002:1,clip_ridge,2,1.1126771304309688,0.4184777623692979,0.3876953125
FetchReach-v4,64002,1,FetchReach-v4:eval:64002:1,clip_ridge,4,1.9235999617005866,0.6403256061271579,0.6203165054321289
FetchReach-v4,64002,1,FetchReach-v4:eval:64002:1,clip_ridge,8,2.7029483778565457,0.8535354936692414,0.8487378542204169
FetchReach-v4,64002,1,FetchReach-v4:eval:64002:1,clip_ridge,16,3.1111068183524457,0.9651972528946149,0.9731643970220367
FetchReach-v4,64002,1,FetchReach-v4:eval:64002:1,clip_ridge,32,3.1859384264497494,0.9856692759542302,0.9989692568812708
FetchReach-v4,64002,1,FetchReach-v4:eval:64002:1,clip_ridge_shuffled,1,0.5165757732317953,0.25539960541480244,0.21875
FetchReach-v4,64002,1,FetchReach-v4:eval:64002:1,clip_ridge_shuffled,2,0.28358044035916613,0.19165801347749042,0.1533203125
FetchReach-v4,64002,1,FetchReach-v4:eval:64002:1,clip_ridge_shuffled,4,0.07915241418827476,0.1357317094435016,0.0978250503540039
FetchReach-v4,64002,1,FetchReach-v4:eval:64002:1,clip_ridge_shuffled,8,-0.16078022622246424,0.07009224676008517,0.032063901541732776
FetchReach-v4,64002,1,FetchReach-v4:eval:64002:1,clip_ridge_shuffled,16,-0.2875048394990856,0.03542361847340683,0.002086979710858084
FetchReach-v4,64002,1,FetchReach-v4:eval:64002:1,clip_ridge_shuffled,32,-0.3324058393221983,0.023139847923089592,5.957743733550142e-06
FetchReach-v4,64002,1,FetchReach-v4:eval:64002:1,low_energy,1,0.5165757732317955,0.25539960541480244,0.21875
FetchReach-v4,64002,1,FetchReach-v4:eval:64002:1,low_energy,2,0.8363278479473353,0.34287563343794186,0.3115234375
FetchReach-v4,64002,1,FetchReach-v4:eval:64002:1,low_energy,4,1.0618373325245096,0.40456928784161084,0.3700742721557617
FetchReach-v4,64002,1,FetchReach-v4:eval:64002:1,low_energy,8,1.0152359451153194,0.3918203345328635,0.3402966951862254
FetchReach-v4,64002,1,FetchReach-v4:eval:64002:1,low_energy,16,0.5840219869935329,0.2738511725870409,0.19034695882978886
FetchReach-v4,64002,1,FetchReach-v4:eval:64002:1,low_energy,32,0.1739906771152732,0.16167704397447658,0.042497208047691214
FetchReach-v4,64002,1,FetchReach-v4:eval:64002:1,oracle_real_utility,1,0.5165757732317955,0.2553996054148024,0.21875
FetchReach-v4,64002,1,FetchReach-v4:eval:64002:1,oracle_real_utility,2,1.1444026543119048,0.4271570580971723,0.3896484375
FetchReach-v4,64002,1,FetchReach-v4:eval:64002:1,oracle_real_utility,4,1.9701666516701315,0.6530650670996776,0.6274709701538086
FetchReach-v4,64002,1,FetchReach-v4:eval:64002:1,oracle_real_utility,8,2.7570693768572925,0.8683416212899655,0.8612221219218554
FetchReach-v4,64002,1,FetchReach-v4:eval:64002:1,oracle_real_utility,16,3.1560639665311485,0.9774963842057073,0.9807407005561276
FetchReach-v4,64002,1,FetchReach-v4:eval:64002:1,oracle_real_utility,32,3.2266149538795093,0.9967973383960302,0.9996290793849313
FetchReach-v4,64003,0,FetchReach-v4:eval:64003:0,random,1,1.1307177706782436,0.42891685667441914,0.40625
FetchReach-v4,64003,0,FetchReach-v4:eval:64003:0,random,2,1.100853381703787,0.42017272388992516,0.3955078125
FetchReach-v4,64003,0,FetchReach-v4:eval:64003:0,random,4,1.1852687534429434,0.4448890916070399,0.4185647964477539
FetchReach-v4,64003,0,FetchReach-v4:eval:64003:0,random,8,1.192246546555038,0.4469321519745923,0.4167082439535079
FetchReach-v4,64003,0,FetchReach-v4:eval:64003:0,random,16,1.0581778364719951,0.4076775533215053,0.3714360412673878
FetchReach-v4,64003,0,FetchReach-v4:eval:64003:0,random,32,0.7364867282010336,0.31348812360579004,0.26730821831612206
FetchReach-v4,64003,0,FetchReach-v4:eval:64003:0,clip_task_text,1,1.1307177706782434,0.42891685667441903,0.40625
FetchReach-v4,64003,0,FetchReach-v4:eval:64003:0,clip_task_text,2,0.6440515833145354,0.28642360935998334,0.2568359375
FetchReach-v4,64003,0,FetchReach-v4:eval:64003:0,clip_task_text,4,0.1713122067306209,0.1480080574849954,0.1100912094116211
FetchReach-v4,64003,0,FetchReach-v4:eval:64003:0,clip_task_text,8,-0.12198247583240228,0.062132948789127986,0.018898415582043526
FetchReach-v4,64003,0,FetchReach-v4:eval:64003:0,clip_task_text,16,-0.18388603888060384,0.04400791781696403,0.0004813513429333128
FetchReach-v4,64003,0,FetchReach-v4:eval:64003:0,clip_task_text,32,-0.18224251855864143,0.04448913174508243,2.8540278577295086e-07
FetchReach-v4,64003,0,FetchReach-v4:eval:64003:0,clip_mismatch_text,1,1.1307177706782436,0.428916856674419,0.40625
FetchReach-v4,64003,0,FetchReach-v4:eval:64003:0,clip_mismatch_text,2,0.49527381965805917,0.24286227877642388,0.2119140625
FetchReach-v4,64003,0,FetchReach-v4:eval:64003:0,clip_mismatch_text,4,-0.02856390776830942,0.08948540406247725,0.05398273468017578
FetchReach-v4,64003,0,FetchReach-v4:eval:64003:0,clip_mismatch_text,8,-0.20910990938648172,0.03662250393051454,0.0035516978505256702
FetchReach-v4,64003,0,FetchReach-v4:eval:64003:0,clip_mismatch_text,16,-0.23325136791353923,0.029554014461250607,1.4861276862568664e-05
FetchReach-v4,64003,0,FetchReach-v4:eval:64003:0,clip_mismatch_text,32,-0.24680972911292146,0.025584199081169212,2.325510701896672e-10
FetchReach-v4,64003,0,FetchReach-v4:eval:64003:0,clip_ridge,1,1.1307177706782436,0.42891685667441914,0.40625
FetchReach-v4,64003,0,FetchReach-v4:eval:64003:0,clip_ridge,2,1.5574034996011048,0.5538481477228089,0.5341796875
FetchReach-v4,64003,0,FetchReach-v4:eval:64003:0,clip_ridge,4,1.7963073309462922,0.6237979071434173,0.6066808700561523
FetchReach-v4,64003,0,FetchReach-v4:eval:64003:0,clip_ridge,8,2.0004944274309624,0.6835827929507037,0.6690294159407131
FetchReach-v4,64003,0,FetchReach-v4:eval:64003:0,clip_ridge,16,2.3431851050394688,0.7839207838461482,0.7756937239888013
FetchReach-v4,64003,0,FetchReach-v4:eval:64003:0,clip_ridge,32,2.7551168003590476,0.9045321730527711,0.9054636783728975
FetchReach-v4,64003,0,FetchReach-v4:eval:64003:0,clip_ridge_shuffled,1,1.1307177706782432,0.42891685667441914,0.40625
FetchReach-v4,64003,0,FetchReach-v4:eval:64003:0,clip_ridge_shuffled,2,1.5267321310307238,0.5448677356443646,0.5244140625
FetchReach-v4,64003,0,FetchReach-v4:eval:64003:0,clip_ridge_shuffled,4,1.7969818079126552,0.6239953903786847,0.6055269241333008
FetchReach-v4,64003,0,FetchReach-v4:eval:64003:0,clip_ridge_shuffled,8,2.0133133877926355,0.6873361157344882,0.6713959035378139
FetchReach-v4,64003,0,FetchReach-v4:eval:64003:0,clip_ridge_shuffled,16,2.271281812482836,0.762867885750852,0.7529855371438118
FetchReach-v4,64003,0,FetchReach-v4:eval:64003:0,clip_ridge_shuffled,32,2.685282612861303,0.8840850978120949,0.8870519502728067
FetchReach-v4,64003,0,FetchReach-v4:eval:64003:0,low_energy,1,1.1307177706782432,0.42891685667441914,0.40625
FetchReach-v4,64003,0,FetchReach-v4:eval:64003:0,low_energy,2,1.7027516136546914,0.5964052953124487,0.5791015625
FetchReach-v4,64003,0,FetchReach-v4:eval:64003:0,low_energy,4,2.2483871203340255,0.7561644427846977,0.7469034194946289
FetchReach-v4,64003,0,FetchReach-v4:eval:64003:0,low_energy,8,2.7626434065469923,0.9067359229429928,0.9084219219812439
FetchReach-v4,64003,0,FetchReach-v4:eval:64003:0,low_energy,16,3.013218918522058,0.9801030878003287,0.9901295146011004
FetchReach-v4,64003,0,FetchReach-v4:eval:64003:0,low_energy,32,3.0349975711184145,0.986479760376245,0.999899594640165
FetchReach-v4,64003,0,FetchReach-v4:eval:64003:0,oracle_real_utility,1,1.1307177706782432,0.42891685667441914,0.40625
FetchReach-v4,64003,0,FetchReach-v4:eval:64003:0,oracle_real_utility,2,1.9202876080535667,0.6600986667742816,0.6474609375
FetchReach-v4,64003,0,FetchReach-v4:eval:64003:0,oracle_real_utility,4,2.6552929746562217,0.8753042927251917,0.8757162094116211
FetchReach-v4,64003,0,FetchReach-v4:eval:64003:0,oracle_real_utility,8,3.0134014667434377,0.9801565369396591,0.984553539396984
FetchReach-v4,64003,0,FetchReach-v4:eval:64003:0,oracle_real_utility,16,3.074261305045941,0.9979759709088291,0.9997614068548395
FetchReach-v4,64003,0,FetchReach-v4:eval:64003:0,oracle_real_utility,32,3.0799845349907584,0.9996517019152957,0.9999999430733111
FetchReach-v4,64003,1,FetchReach-v4:eval:64003:1,random,1,0.6406397091988957,0.28817062638477947,0.25
FetchReach-v4,64003,1,FetchReach-v4:eval:64003:1,random,2,0.27626700754274836,0.18138288141310635,0.138671875
FetchReach-v4,64003,1,FetchReach-v4:eval:64003:1,random,4,0.2040872927987819,0.1602289669316625,0.11950874328613281
FetchReach-v4,64003,1,FetchReach-v4:eval:64003:1,random,8,0.27156251014552024,0.1800041209681233,0.14422038544034876
FetchReach-v4,64003,1,FetchReach-v4:eval:64003:1,random,16,0.26922058232563595,0.17931776551494266,0.14910009337450417
FetchReach-v4,64003,1,FetchReach-v4:eval:64003:1,random,32,0.019765969528622168,0.10620939199437784,0.0839401887687304
FetchReach-v4,64003,1,FetchReach-v4:eval:64003:1,clip_task_text,1,0.6406397091988957,0.2881706263847793,0.25
FetchReach-v4,64003,1,FetchReach-v4:eval:64003:1,clip_task_text,2,0.48273883867397555,0.24189416874736652,0.197265625
FetchReach-v4,64003,1,FetchReach-v4:eval:64003:1,clip_task_text,4,0.3544603175462564,0.20429921737678516,0.1536121368408203
FetchReach-v4,64003,1,FetchReach-v4:eval:64003:1,clip_task_text,8,0.17699390954091546,0.1522886319707544,0.09639224360762455
FetchReach-v4,64003,1,FetchReach-v4:eval:64003:1,clip_task_text,16,-0.023406340053062767,0.09355676032221236,0.032794437776395124
FetchReach-v4,64003,1,FetchReach-v4:eval:64003:1,clip_task_text,32,-0.11426749472661013,0.0669278230582267,0.0030720799621070834
FetchReach-v4,64003,1,FetchReach-v4:eval:64003:1,clip_mismatch_text,1,0.6406397091988956,0.2881706263847793,0.25
FetchReach-v4,64003,1,FetchReach-v4:eval:64003:1,clip_mismatch_text,2,0.3203139073902573,0.19429183174426304,0.150390625
FetchReach-v4,64003,1,FetchReach-v4:eval:64003:1,clip_mismatch_text,4,0.06096079109806647,0.11828247562527716,0.06865119934082031
FetchReach-v4,64003,1,FetchReach-v4:eval:64003:1,clip_mismatch_text,8,-0.10833213804024952,0.06866731493908973,0.015164314159846981
FetchReach-v4,64003,1,FetchReach-v4:eval:64003:1,clip_mismatch_text,16,-0.15726202620755178,0.05432729332014527,0.0006760574391223329
FetchReach-v4,64003,1,FetchReach-v4:eval:64003:1,clip_mismatch_text,32,-0.1750571943454548,0.04911201273463171,1.1080075274276906e-06
FetchReach-v4,64003,1,FetchReach-v4:eval:64003:1,clip_ridge,1,0.6406397091988957,0.28817062638477936,0.25
FetchReach-v4,64003,1,FetchReach-v4:eval:64003:1,clip_ridge,2,0.883250691543304,0.3592733176461313,0.318359375
FetchReach-v4,64003,1,FetchReach-v4:eval:64003:1,clip_ridge,4,0.822827017494771,0.3415647794784301,0.2954540252685547
FetchReach-v4,64003,1,FetchReach-v4:eval:64003:1,clip_ridge,8,0.44781342027559223,0.231658476951566,0.1752311613799975
FetchReach-v4,64003,1,FetchReach-v4:eval:64003:1,clip_ridge,16,0.06608909256754486,0.11978544153620131,0.05281497713399683
FetchReach-v4,64003,1,FetchReach-v4:eval:64003:1,clip_ridge,32,-0.08196235394461826,0.07639558263357726,0.004058723463887691
FetchReach-v4,64003,1,FetchReach-v4:eval:64003:1,clip_ridge_shuffled,1,0.6406397091988959,0.2881706263847794,0.25
FetchReach-v4,64003,1,FetchReach-v4:eval:64003:1,clip_ridge_shuffled,2,0.8606400570735863,0.35264675463406864,0.31640625
FetchReach-v4,64003,1,FetchReach-v4:eval:64003:1,clip_ridge_shuffled,4,1.104638699539453,0.4241561313976113,0.3916740417480469
FetchReach-v4,64003,1,FetchReach-v4:eval:64003:1,clip_ridge_shuffled,8,1.501836791411855,0.540564106927382,0.5149983334376884
FetchReach-v4,64003,1,FetchReach-v4:eval:64003:1,clip_ridge_shuffled,16,2.0858027603784914,0.7117086758885155,0.6976326427198966
FetchReach-v4,64003,1,FetchReach-v4:eval:64003:1,clip_ridge_shuffled,32,2.672628178994534,0.8836912718986905,0.8828025662579972
FetchReach-v4,64003,1,FetchReach-v4:eval:64003:1,low_energy,1,0.6406397091988959,0.2881706263847793,0.25
FetchReach-v4,64003,1,FetchReach-v4:eval:64003:1,low_energy,2,1.2448435797089887,0.46524637476457276,0.4375
FetchReach-v4,64003,1,FetchReach-v4:eval:64003:1,low_energy,4,2.036238344646993,0.6971826914699571,0.68359375
FetchReach-v4,64003,1,FetchReach-v4:eval:64003:1,low_energy,8,2.730603800361746,0.900682352297953,0.8998870849609375
FetchReach-v4,64003,1,FetchReach-v4:eval:64003:1,low_energy,16,3.0171269491178316,0.984654507178863,0.9899774042423815
FetchReach-v4,64003,1,FetchReach-v4:eval:64003:1,low_energy,32,3.044222768127177,0.992595555992391,0.9998995475742793
FetchReach-v4,64003,1,FetchReach-v4:eval:64003:1,oracle_real_utility,1,0.6406397091988959,0.28817062638477936,0.25
FetchReach-v4,64003,1,FetchReach-v4:eval:64003:1,oracle_real_utility,2,1.269028236594223,0.4723342410068826,0.4375
FetchReach-v4,64003,1,FetchReach-v4:eval:64003:1,oracle_real_utility,4,2.0617612791699966,0.7046627705493806,0.68359375
FetchReach-v4,64003,1,FetchReach-v4:eval:64003:1,oracle_real_utility,8,2.7482960034789974,0.905867456631743,0.8998870849609375
FetchReach-v4,64003,1,FetchReach-v4:eval:64003:1,oracle_real_utility,16,3.034714473286164,0.9898089329550929,0.9899774042423815
FetchReach-v4,64003,1,FetchReach-v4:eval:64003:1,oracle_real_utility,32,3.0680552221411164,0.999580201136558,0.9998995475742793
